"file","run_1_md5","run_2_md5","identical_bytes","identical_content","comparison","status"
"output/tables/aggregate_route_diagnostics.csv","7c891312e8c7695627a331832b31459b","7c891312e8c7695627a331832b31459b",TRUE,TRUE,"Exact bytes","PASS"
"output/tables/aggregate_route_summary.csv","099947c6b2329e198a472b5b2c720f79","099947c6b2329e198a472b5b2c720f79",TRUE,TRUE,"Exact bytes","PASS"
"output/figures/channel_network.pdf","91c1c0d842e347eaf4405c1bfd6bd1a2","397437b3c5603ee09dc860e147973d7d",FALSE,TRUE,"Bytes with PDF CreationDate/ModDate values normalized","PASS"
"output/figures/channel_network.png","140f66e9ce4e3becfd841b53a5b3b681","140f66e9ce4e3becfd841b53a5b3b681",TRUE,TRUE,"Exact bytes","PASS"
"output/tables/cmr_convergence_comparison.csv","485086ddede167bbf5a898ac0d9c7999","485086ddede167bbf5a898ac0d9c7999",TRUE,TRUE,"Exact bytes","PASS"
"output/tables/cmr_fixed_passage_probabilities.csv","9821506bfd02843386e81f97ce2d2c92","9821506bfd02843386e81f97ce2d2c92",TRUE,TRUE,"Exact bytes","PASS"
"output/tables/cmr_parameter_diagnostics.csv","e3a095e49222fc9f4576c1b67d32e0b0","e3a095e49222fc9f4576c1b67d32e0b0",TRUE,TRUE,"Exact bytes","PASS"
"output/tables/cmr_split_satisfactory_years.csv","93c89b69ccd5317b8f11ce4986590377","93c89b69ccd5317b8f11ce4986590377",TRUE,TRUE,"Exact bytes","PASS"
"output/figures/detection_posterior_distributions.pdf","e477d15d35d090dd1da2383bbd5756da","dc97b0a35bf09d9421618d30123c8f7b",FALSE,TRUE,"Bytes with PDF CreationDate/ModDate values normalized","PASS"
"output/figures/detection_posterior_distributions.png","a3841d0cc730a3237961a18d23e7dfdd","a3841d0cc730a3237961a18d23e7dfdd",TRUE,TRUE,"Exact bytes","PASS"
"output/tables/direct_route_detections.csv","bf860b3e6d835f721c45e84ef949df16","bf860b3e6d835f721c45e84ef949df16",TRUE,TRUE,"Exact bytes","PASS"
"output/tables/discharge_correlations.csv","0950c6ee7b2e79ce57f41ae975291496","0950c6ee7b2e79ce57f41ae975291496",TRUE,TRUE,"Exact bytes","PASS"
"output/tables/discharge_regressions.csv","15d8a441b743f626b5ba0d95e037aaa0","15d8a441b743f626b5ba0d95e037aaa0",TRUE,TRUE,"Exact bytes","PASS"
"output/tables/fish_route_chain_diagnostics.csv","8fe02153409d2aedd651814b637c6b22","8fe02153409d2aedd651814b637c6b22",TRUE,TRUE,"Exact bytes","PASS"
"output/tables/historical_annual_analysis.csv","b894c25dd6c5417f4e95512700606bd8","b894c25dd6c5417f4e95512700606bd8",TRUE,TRUE,"Exact bytes","PASS"
"output/tables/historical_dispersion_bootstrap.csv","4b47c95303505501e829b302255ad888","4b47c95303505501e829b302255ad888",TRUE,TRUE,"Exact bytes","PASS"
"output/tables/historical_leave_one_year_out.csv","7287f239f43efc4eee14559490458ef6","7287f239f43efc4eee14559490458ef6",TRUE,TRUE,"Exact bytes","PASS"
"output/tables/historical_likelihood_ratio_bootstrap.csv","3fa5b0b2743eabbd6f966044fd9e6d8e","3fa5b0b2743eabbd6f966044fd9e6d8e",TRUE,TRUE,"Exact bytes","PASS"
"output/figures/historical_moses_proportions.pdf","a402fb85a072c78330d0034f20ab9954","35bf0c546cc873debcd45dbda94a95a9",FALSE,TRUE,"Bytes with PDF CreationDate/ModDate values normalized","PASS"
"output/figures/historical_moses_proportions.png","b3ae069c0084c842450dce266dfac0c7","b3ae069c0084c842450dce266dfac0c7",TRUE,TRUE,"Exact bytes","PASS"
"output/tables/historical_summary.csv","8778c4a66faa9efaf35b54324a6201a2","8778c4a66faa9efaf35b54324a6201a2",TRUE,TRUE,"Exact bytes","PASS"
"output/tables/individual_route_probabilities.csv","a84c0b72d1805ed8e375b03fee69772e","a84c0b72d1805ed8e375b03fee69772e",TRUE,TRUE,"Exact bytes","PASS"
"output/figures/individual_route_probabilities.pdf","951f16cbe80f766a33e9b438dd3e56b5","547311c02cc086ab9b65a2ec0ffcdaa4",FALSE,TRUE,"Bytes with PDF CreationDate/ModDate values normalized","PASS"
"output/figures/individual_route_probabilities.png","ffd90a093e58af46ef4568b3cd64c285","ffd90a093e58af46ef4568b3cd64c285",TRUE,TRUE,"Exact bytes","PASS"
"output/tables/individual_travel_times_speeds.csv","be209194bc3c6e01204f3811ece4f5ca","be209194bc3c6e01204f3811ece4f5ca",TRUE,TRUE,"Exact bytes","PASS"
"output/tables/island_network_tracks.csv","812e837e92357cd87fd99ad42a965065","812e837e92357cd87fd99ad42a965065",TRUE,TRUE,"Exact bytes","PASS"
"output/figures/island_passage_tide_light.pdf","2c7a45a42aec308f50fc4374ff00bda4","79e9d129cfa21fc5d8a3425b3ba4be59",FALSE,TRUE,"Bytes with PDF CreationDate/ModDate values normalized","PASS"
"output/figures/island_passage_tide_light.png","901e0dd3fe2d294434f1d703816b18fe","901e0dd3fe2d294434f1d703816b18fe",TRUE,TRUE,"Exact bytes","PASS"
"output/figures/moses_proportion_discharge.pdf","241f4f5146042cc0002efa369ecbaf19","a3b5a22a32acdd7d3dd710ec3c67178b",FALSE,TRUE,"Bytes with PDF CreationDate/ModDate values normalized","PASS"
"output/figures/moses_proportion_discharge.png","43270fda3da8b5b87c047ac89c51c715","43270fda3da8b5b87c047ac89c51c715",TRUE,TRUE,"Exact bytes","PASS"
"output/tables/network_marginal_link_probabilities.csv","5cb5f9de964f03cf1cc061ed059923dd","5cb5f9de964f03cf1cc061ed059923dd",TRUE,TRUE,"Exact bytes","PASS"
"output/tables/posterior_probability_summary.csv","3d0c3ae288a1d498543d556d0e48a96e","3d0c3ae288a1d498543d556d0e48a96e",TRUE,TRUE,"Exact bytes","PASS"
"output/tables/probability_parameter_diagnostics.csv","240c0d6eb9b130c18ca867a13a9564f1","240c0d6eb9b130c18ca867a13a9564f1",TRUE,TRUE,"Exact bytes","PASS"
"output/figures/receiver_detection_probabilities.pdf","2a4269409d3e87a5f6de6968310bf37c","4a2c924c18e04a59e9eaec87f12d6fe2",FALSE,TRUE,"Bytes with PDF CreationDate/ModDate values normalized","PASS"
"output/figures/receiver_detection_probabilities.png","7faff854b8666eac790cfdc784e41901","7faff854b8666eac790cfdc784e41901",TRUE,TRUE,"Exact bytes","PASS"
"output/figures/riverine_migration_speeds.pdf","3ed1ac7856f164c0f56c86d016706933","a8a93534d8b62936a5e3aa2985d9da57",FALSE,TRUE,"Bytes with PDF CreationDate/ModDate values normalized","PASS"
"output/figures/riverine_migration_speeds.png","24bf2b63fc713fc2745a56cea8b91caa","24bf2b63fc713fc2745a56cea8b91caa",TRUE,TRUE,"Exact bytes","PASS"
"output/tables/segment_travel_summary.csv","7e0b648a2793ff6747a42ba23487232e","7e0b648a2793ff6747a42ba23487232e",TRUE,TRUE,"Exact bytes","PASS"
"output/tables/table_1_tagged_smolts.csv","e549cabaf3b8812ce5e53c0a29b92981","e549cabaf3b8812ce5e53c0a29b92981",TRUE,TRUE,"Exact bytes","PASS"
"output/tables/table_2_historical_recaptures.csv","05f484408ff7336d885e0bd0c6d26a8a","05f484408ff7336d885e0bd0c6d26a8a",TRUE,TRUE,"Exact bytes","PASS"
"output/tables/table_3_receiver_indices.csv","995119ebabd85b96f9ac95148c4be69a","995119ebabd85b96f9ac95148c4be69a",TRUE,TRUE,"Exact bytes","PASS"
"output/tables/table_b1_posterior_summary.csv","9d1cd536d5b68a584efdb481710a7d66","9d1cd536d5b68a584efdb481710a7d66",TRUE,TRUE,"Exact bytes","PASS"
"output/tables/tagged_smolt_biology.csv","0b508dfc40ff2eb9d95634eb6ee3faa5","0b508dfc40ff2eb9d95634eb6ee3faa5",TRUE,TRUE,"Exact bytes","PASS"
"output/figures/transition_posterior_distributions.pdf","bd87ee2241da9b6a8e274faccaed1b31","18e69d9b58f480da34640c39d617cad9",FALSE,TRUE,"Bytes with PDF CreationDate/ModDate values normalized","PASS"
"output/figures/transition_posterior_distributions.png","3d222aab5c5f8a4554831246398d29ef","3d222aab5c5f8a4554831246398d29ef",TRUE,TRUE,"Exact bytes","PASS"
"output/figures/transition_probabilities.pdf","f118b96fa9b07194766300c07c8fefb4","1d9b62050805a0fe91c4e4bda5c5220b",FALSE,TRUE,"Bytes with PDF CreationDate/ModDate values normalized","PASS"
"output/figures/transition_probabilities.png","17e51c274331479f72145e163ca63e04","17e51c274331479f72145e163ca63e04",TRUE,TRUE,"Exact bytes","PASS"
