"file","field","type","units","meaning","missing","source"
"data/annual_discharge_metrics.csv","year","integer","dimensionless","Calendar year; CMR row index t corresponds to 2001+t (2002-2019)","Not allowed","Audited final analysis; source_output_crosswalk.csv"
"data/annual_discharge_metrics.csv","station_id","character","dimensionless","Water Survey of Canada hydrometric station identifier 01BJ007","Not allowed","Audited final analysis; source_output_crosswalk.csv"
"data/annual_discharge_metrics.csv","station_name","character","dimensionless","Restigouche River above Rafting Grounds","Not allowed","Audited final analysis; source_output_crosswalk.csv"
"data/annual_discharge_metrics.csv","window_start","character","YYYY-MM-DD","First Kedgwick marking date for annual discharge summary","Not allowed","Audited final analysis; source_output_crosswalk.csv"
"data/annual_discharge_metrics.csv","window_end","character","YYYY-MM-DD","Last Kedgwick marking date plus seven days; 2022 context is May 17-June 12","Not allowed","Audited final analysis; source_output_crosswalk.csv"
"data/annual_discharge_metrics.csv","lag_days","integer","days","Seven-day pooled 90th-percentile marking-to-first-downstream-recapture extension, independently verified from 127 recaptures","Not allowed","Audited final analysis; source_output_crosswalk.csv"
"data/annual_discharge_metrics.csv","mean_discharge_m3_s","numeric","m3/s","Unrounded arithmetic mean daily discharge over the complete annual window","Not allowed","Audited final analysis; source_output_crosswalk.csv"
"data/annual_discharge_metrics.csv","discharge_cv","numeric","dimensionless","Sample SD of daily discharge divided by mean daily discharge","Not allowed","Audited final analysis; source_output_crosswalk.csv"
"data/annual_discharge_metrics.csv","coverage_complete","logical","dimensionless","All daily discharge observations present in the window","Not allowed","Audited final analysis; source_output_crosswalk.csv"
"data/annual_discharge_metrics.csv","historical_correlation_included","logical","dimensionless","TRUE only for the 13 informative historical years; FALSE for 2022 telemetry context","Not allowed","Audited final analysis; source_output_crosswalk.csv"
"data/cmr_annual_counts.csv","year","integer","dimensionless","Calendar year; CMR row index t corresponds to 2001+t (2002-2019)","Not allowed","Audited final analysis; source_output_crosswalk.csv"
"data/cmr_annual_counts.csv","C_B","integer","fish or observations as defined","Annual unmarked smolt captures at Butters as supplied to final CMR likelihood; not historical first-recapture subset","NA: not applicable or undefined; event times absent when detection_count=0; CMR observations absent when likelihood excluded; constant-state diagnostics undefined","Audited final analysis; source_output_crosswalk.csv"
"data/cmr_annual_counts.csv","C_K","integer","fish or observations as defined","Annual unmarked smolt captures at Kedgwick as supplied to final CMR likelihood; not historical first-recapture subset","Not allowed","Audited final analysis; source_output_crosswalk.csv"
"data/cmr_annual_counts.csv","C_Ma","integer","fish or observations as defined","Annual unmarked smolt captures at Matapedia as supplied to final CMR likelihood; not historical first-recapture subset","NA: not applicable or undefined; event times absent when detection_count=0; CMR observations absent when likelihood excluded; constant-state diagnostics undefined","Audited final analysis; source_output_crosswalk.csv"
"data/cmr_annual_counts.csv","C_Mo","integer","fish or observations as defined","Annual unmarked smolt captures at Moses as supplied to final CMR likelihood; not historical first-recapture subset","NA: not applicable or undefined; event times absent when detection_count=0; CMR observations absent when likelihood excluded; constant-state diagnostics undefined","Audited final analysis; source_output_crosswalk.csv"
"data/cmr_annual_counts.csv","C_U","integer","fish or observations as defined","Annual unmarked smolt captures at Upsalquitch as supplied to final CMR likelihood; not historical first-recapture subset","NA: not applicable or undefined; event times absent when detection_count=0; CMR observations absent when likelihood excluded; constant-state diagnostics undefined","Audited final analysis; source_output_crosswalk.csv"
"data/cmr_annual_counts.csv","M_B","integer","fish or observations as defined","Annual marked fish released at Butters used in final CMR marked pool","Not allowed","Audited final analysis; source_output_crosswalk.csv"
"data/cmr_annual_counts.csv","M_B_mort","integer","fish or observations as defined","Marked-fish mortality adjustment for Butters subtracted in executed downstream marked-pool calculation","Not allowed","Audited final analysis; source_output_crosswalk.csv"
"data/cmr_annual_counts.csv","M_K","integer","fish or observations as defined","Annual marked fish released at Kedgwick used in final CMR marked pool","Not allowed","Audited final analysis; source_output_crosswalk.csv"
"data/cmr_annual_counts.csv","M_K_mort","integer","fish or observations as defined","Marked-fish mortality adjustment for Kedgwick subtracted in executed downstream marked-pool calculation","Not allowed","Audited final analysis; source_output_crosswalk.csv"
"data/cmr_annual_counts.csv","M_Ma","integer","fish or observations as defined","Annual marked fish released at Matapedia used in final CMR marked pool","Not allowed","Audited final analysis; source_output_crosswalk.csv"
"data/cmr_annual_counts.csv","M_Ma_mort","integer","fish or observations as defined","Marked-fish mortality adjustment for Matapedia subtracted in executed downstream marked-pool calculation","Not allowed","Audited final analysis; source_output_crosswalk.csv"
"data/cmr_annual_counts.csv","M_Mo","integer","fish or observations as defined","Annual marked fish released at Moses used in final CMR marked pool","Not allowed","Audited final analysis; source_output_crosswalk.csv"
"data/cmr_annual_counts.csv","M_Mo_mort","integer","fish or observations as defined","Marked-fish mortality adjustment for Moses subtracted in executed downstream marked-pool calculation","Not allowed","Audited final analysis; source_output_crosswalk.csv"
"data/cmr_annual_counts.csv","M_U","integer","fish or observations as defined","Annual marked fish released at Upsalquitch used in final CMR marked pool","Not allowed","Audited final analysis; source_output_crosswalk.csv"
"data/cmr_annual_counts.csv","M_U_mort","integer","fish or observations as defined","Marked-fish mortality adjustment for Upsalquitch subtracted in executed downstream marked-pool calculation","Not allowed","Audited final analysis; source_output_crosswalk.csv"
"data/cmr_annual_counts.csv","R_B","integer","fish or observations as defined","Annual marked smolt recaptures at Butters used in final CMR binomial likelihood","NA: not applicable or undefined; event times absent when detection_count=0; CMR observations absent when likelihood excluded; constant-state diagnostics undefined","Audited final analysis; source_output_crosswalk.csv"
"data/cmr_annual_counts.csv","R_K","integer","fish or observations as defined","Annual marked smolt recaptures at Kedgwick used in final CMR binomial likelihood","Not allowed","Audited final analysis; source_output_crosswalk.csv"
"data/cmr_annual_counts.csv","R_Ma","integer","fish or observations as defined","Annual marked smolt recaptures at Matapedia used in final CMR binomial likelihood","NA: not applicable or undefined; event times absent when detection_count=0; CMR observations absent when likelihood excluded; constant-state diagnostics undefined","Audited final analysis; source_output_crosswalk.csv"
"data/cmr_annual_counts.csv","R_Mo","integer","fish or observations as defined","Annual marked smolt recaptures at Moses used in final CMR binomial likelihood","NA: not applicable or undefined; event times absent when detection_count=0; CMR observations absent when likelihood excluded; constant-state diagnostics undefined","Audited final analysis; source_output_crosswalk.csv"
"data/cmr_annual_counts.csv","R_U","integer","fish or observations as defined","Annual marked smolt recaptures at Upsalquitch used in final CMR binomial likelihood","NA: not applicable or undefined; event times absent when detection_count=0; CMR observations absent when likelihood excluded; constant-state diagnostics undefined","Audited final analysis; source_output_crosswalk.csv"
"data/cmr_annual_counts.csv","index_no_mark_B","integer","dimensionless","Binary inclusion index for Butters downstream likelihood; zero skips years without marking support","Not allowed","Audited final analysis; source_output_crosswalk.csv"
"data/cmr_annual_counts.csv","index_no_mark_Mo","integer","dimensionless","Binary inclusion index for Moses downstream likelihood; zero skips years without marking support","Not allowed","Audited final analysis; source_output_crosswalk.csv"
"data/daylight_boundaries.csv","nautical_twilight_start_datetime","character","ISO8601 America/Toronto","Start of nautical twilight at Campbellton from NRC supplied sunrise/sunset workbook, Quebec clock convention","Not allowed","Coauthor-supplied CHS Campbellton 02175 predictions and NRC light times at Campbellton (48 deg 0.9315 min N, 66 deg 40.3582 min W); authoritative Quebec clock convention"
"data/daylight_boundaries.csv","sunrise_datetime","character","ISO8601 America/Toronto","Sunrise at Campbellton from NRC supplied workbook, Quebec clock convention","Not allowed","Coauthor-supplied CHS Campbellton 02175 predictions and NRC light times at Campbellton (48 deg 0.9315 min N, 66 deg 40.3582 min W); authoritative Quebec clock convention"
"data/daylight_boundaries.csv","sunset_datetime","character","ISO8601 America/Toronto","Sunset at Campbellton from NRC supplied workbook, Quebec clock convention","Not allowed","Coauthor-supplied CHS Campbellton 02175 predictions and NRC light times at Campbellton (48 deg 0.9315 min N, 66 deg 40.3582 min W); authoritative Quebec clock convention"
"data/daylight_boundaries.csv","nautical_twilight_end_datetime","character","ISO8601 America/Toronto","End of nautical twilight at Campbellton from NRC supplied workbook, Quebec clock convention","Not allowed","Coauthor-supplied CHS Campbellton 02175 predictions and NRC light times at Campbellton (48 deg 0.9315 min N, 66 deg 40.3582 min W); authoritative Quebec clock convention"
"data/historical_rst_summary.csv","year","integer","dimensionless","Calendar year; CMR row index t corresponds to 2001+t (2002-2019)","Not allowed","Audited final analysis; source_output_crosswalk.csv"
"data/historical_rst_summary.csv","kedgwick_marked_n","integer","fish or observations as defined","Trackable fish marked at Kedgwick in the eligible year; only analysis_included years enter Table 2 totals","Not allowed","Audited final analysis; source_output_crosswalk.csv"
"data/historical_rst_summary.csv","moses_recaptures_n","integer","fish or observations as defined","Unique first downstream recaptures at Moses among Kedgwick-marked fish","Not allowed","Audited final analysis; source_output_crosswalk.csv"
"data/historical_rst_summary.csv","butters_recaptures_n","integer","fish or observations as defined","Unique first downstream recaptures at Butters among Kedgwick-marked fish","Not allowed","Audited final analysis; source_output_crosswalk.csv"
"data/historical_rst_summary.csv","both_downstream_rsts_operational","logical","dimensionless","Both downstream traps have annual operation records; executed eligibility rule","Not allowed","Audited final analysis; source_output_crosswalk.csv"
"data/historical_rst_summary.csv","first_marking_date","character","YYYY-MM-DD","First eligible Kedgwick marking date in the year","Not allowed","Audited final analysis; source_output_crosswalk.csv"
"data/historical_rst_summary.csv","last_marking_date","character","YYYY-MM-DD","Last eligible Kedgwick marking date in the year","Not allowed","Audited final analysis; source_output_crosswalk.csv"
"data/historical_rst_summary.csv","analysis_included","logical","dimensionless","Positive downstream recapture total; FALSE for eligible zero-recapture years retained in the input","Not allowed","Audited final analysis; source_output_crosswalk.csv"
"data/network_edges.csv","edge_id","character","dimensionless","Unique allowed network connection key","Not allowed","Audited final analysis; source_output_crosswalk.csv"
"data/network_edges.csv","from_node","character","dimensionless","Upstream node_id","Not allowed","Audited final analysis; source_output_crosswalk.csv"
"data/network_edges.csv","to_node","character","dimensionless","Downstream node_id","Not allowed","Audited final analysis; source_output_crosswalk.csv"
"data/network_edges.csv","marginal_key","character","dimensionless","Draw-wise path probability expression in R/04_state_space_outputs.R; not a realized fish-route frequency","Not allowed","Audited final analysis; source_output_crosswalk.csv"
"data/network_edges.csv","transition_parameter","character","dimensionless","Conditional transition parameter governing the edge; not the propagated marginal edge probability","NA: not applicable or undefined; event times absent when detection_count=0; CMR observations absent when likelihood excluded; constant-state diagnostics undefined","Audited final analysis; source_output_crosswalk.csv"
"data/network_edges.csv","complement","logical","dimensionless","TRUE when the conditional edge factor is one minus transition_parameter","Not allowed","Audited final analysis; source_output_crosswalk.csv"
"data/network_edges.csv","compulsory","logical","dimensionless","TRUE when conditional transition probability is one; marginal probability can remain below one","Not allowed","Audited final analysis; source_output_crosswalk.csv"
"data/network_edges.csv","display_order","integer","dimensionless","Deterministic plotting and matrix ordering, not a scientific measurement","Not allowed","Audited final analysis; source_output_crosswalk.csv"
"data/network_nodes.csv","node_id","character","dimensionless","Unique Figure 1C state-node key","Not allowed","Audited final analysis; source_output_crosswalk.csv"
"data/network_nodes.csv","zone_id","integer","dimensionless","Network zone index; receiver_metadata retains the Table 3 zone/channel convention","Not allowed","Audited final analysis; source_output_crosswalk.csv"
"data/network_nodes.csv","channel_id","integer","dimensionless","Within-zone channel index. Receiver metadata preserves audited Table 3 (D8: zone 3 channel 2); network nodes follow executed model/Figure 1C (D8: Z3_ab_no_dodge, state 3,3). This reporting-label discrepancy awaits author reconciliation; do not infer model connectivity from the Table 3 index","Not allowed","Audited final analysis; source_output_crosswalk.csv"
"data/network_nodes.csv","state_variable","character","dimensionless","State in the unchanged JAGS model; X_main_up is the known entry node","Not allowed","Audited final analysis; source_output_crosswalk.csv"
"data/network_nodes.csv","x","integer","dimensionless","Fixed schematic horizontal coordinate; not longitude or river distance","Not allowed","Audited final analysis; source_output_crosswalk.csv"
"data/network_nodes.csv","y","numeric","dimensionless","Fixed schematic vertical coordinate; not latitude or inferred quantity","Not allowed","Audited final analysis; source_output_crosswalk.csv"
"data/network_nodes.csv","receiver_label","character","dimensionless","Legacy analytical receiver/array label; receiver_index gives manuscript D numbering","NA: not applicable or undefined; event times absent when detection_count=0; CMR observations absent when likelihood excluded; constant-state diagnostics undefined","Audited final analysis; source_output_crosswalk.csv"
"data/network_nodes.csv","display_order","integer","dimensionless","Deterministic plotting and matrix ordering, not a scientific measurement","Not allowed","Audited final analysis; source_output_crosswalk.csv"
"data/receiver_metadata.csv","location_id","character","dimensionless","Pooled analytical receiver location or array key; links receiver metadata to fish-location events","Not allowed","Audited final analysis; source_output_crosswalk.csv"
"data/receiver_metadata.csv","receiver_label","character","dimensionless","Legacy analytical receiver/array label; receiver_index gives manuscript D numbering","Not allowed","Audited final analysis; source_output_crosswalk.csv"
"data/receiver_metadata.csv","display_order","integer","dimensionless","Deterministic plotting and matrix ordering, not a scientific measurement","Not allowed","Audited final analysis; source_output_crosswalk.csv"
"data/receiver_metadata.csv","receiver_index","integer","dimensionless","Manuscript receiver index D1-D12; RP1, MM, Rx1, R1a, R1b, R2a, Rx2b, Rx2a, R2b, R3a, R3b, HoT","NA: not applicable or undefined; event times absent when detection_count=0; CMR observations absent when likelihood excluded; constant-state diagnostics undefined","Audited final analysis; source_output_crosswalk.csv"
"data/receiver_metadata.csv","zone_id","integer","dimensionless","Network zone index; receiver_metadata retains the Table 3 zone/channel convention","NA: not applicable or undefined; event times absent when detection_count=0; CMR observations absent when likelihood excluded; constant-state diagnostics undefined","Audited final analysis; source_output_crosswalk.csv"
"data/receiver_metadata.csv","channel_id","integer","dimensionless","Within-zone channel index. Receiver metadata preserves audited Table 3 (D8: zone 3 channel 2); network nodes follow executed model/Figure 1C (D8: Z3_ab_no_dodge, state 3,3). This reporting-label discrepancy awaits author reconciliation; do not infer model connectivity from the Table 3 index","NA: not applicable or undefined; event times absent when detection_count=0; CMR observations absent when likelihood excluded; constant-state diagnostics undefined","Audited final analysis; source_output_crosswalk.csv"
"data/receiver_metadata.csv","is_array","logical","dimensionless","TRUE when source observations pool more than one receiver as an array","Not allowed","Audited final analysis; source_output_crosswalk.csv"
"data/receiver_metadata.csv","route_class","character","dimensionless","Direct route-informative location: R2a=Moses, R2b=Butters, Rx2a=Neither; not an inferred cohort route estimate","NA: not applicable or undefined; event times absent when detection_count=0; CMR observations absent when likelihood excluded; constant-state diagnostics undefined","Audited final analysis; source_output_crosswalk.csv"
"data/receiver_metadata.csv","model_observation","character","dimensionless","JAGS binary observation field assembled from detected for the 12 modeled receiver locations","NA: not applicable or undefined; event times absent when detection_count=0; CMR observations absent when likelihood excluded; constant-state diagnostics undefined","Audited final analysis; source_output_crosswalk.csv"
"data/receiver_metadata.csv","detection_parameter","character","dimensionless","JAGS receiver-detection probability; p_Rest is HoT","NA: not applicable or undefined; event times absent when detection_count=0; CMR observations absent when likelihood excluded; constant-state diagnostics undefined","Audited final analysis; source_output_crosswalk.csv"
"data/segment_distances.csv","segment_id","character","dimensionless","Travel segment identifier; joins long-form calculated travel and speed outputs","Not allowed","Audited final analysis; source_output_crosswalk.csv"
"data/segment_distances.csv","start_location","character","dimensionless","release or a pooled receiver location identifying the interval start","Not allowed","Audited final analysis; source_output_crosswalk.csv"
"data/segment_distances.csv","start_event","character","dimensionless","release, first or last event defining the interval start","Not allowed","Audited final analysis; source_output_crosswalk.csv"
"data/segment_distances.csv","end_location","character","dimensionless","End location; semicolon-separated R3a;R3b uses the maximum last detection over either boundary","Not allowed","Audited final analysis; source_output_crosswalk.csv"
"data/segment_distances.csv","end_event","character","dimensionless","first or last defining the interval end; island network uses last D10/D11, not first","Not allowed","Audited final analysis; source_output_crosswalk.csv"
"data/segment_distances.csv","distance_km","numeric","km","Executed travel distance: release-Rx1 101; network 6.355; release-HoT 116.7; HoT-inner 27.8; HoT-outer 108.3; HoT-SoBI 741.5","Not allowed","Audited final analysis; source_output_crosswalk.csv"
"data/segment_distances.csv","figure_5_included","logical","dimensionless","TRUE only for the three riverine speed distributions ending no farther than HoT","Not allowed","Audited final analysis; source_output_crosswalk.csv"
"data/tagged_smolt_metadata.csv","fish_id","character","dimensionless","Acoustic transmitter identifier, stored as character; no personal identifier","Not allowed","Audited final analysis; source_output_crosswalk.csv"
"data/tagged_smolt_metadata.csv","fish_index","integer","dimensionless","1-based fish order in all indexed posterior and model arrays; exactly 1:45","Not allowed","Audited final analysis; source_output_crosswalk.csv"
"data/tagged_smolt_metadata.csv","release_datetime","character","ISO8601 America/Toronto","Release clock label interpreted as Quebec local time, America/Toronto; ISO8601 with numeric UTC offset","Not allowed","Audited final analysis; source_output_crosswalk.csv"
"data/tagged_smolt_metadata.csv","fork_length_mm","integer","mm","Fork length at tagging","Not allowed","Audited final analysis; source_output_crosswalk.csv"
"data/tagged_smolt_metadata.csv","weight_g","numeric","g","Body mass at tagging","Not allowed","Audited final analysis; source_output_crosswalk.csv"
"data/telemetry_location_events.csv","fish_id","character","dimensionless","Acoustic transmitter identifier, stored as character; no personal identifier","Not allowed","Audited final analysis; source_output_crosswalk.csv"
"data/telemetry_location_events.csv","location_id","character","dimensionless","Pooled analytical receiver location or array key; links receiver metadata to fish-location events","Not allowed","Audited final analysis; source_output_crosswalk.csv"
"data/telemetry_location_events.csv","first_detection_datetime","character","ISO8601 America/Toronto","First retained observation at pooled location; ISO8601 America/Toronto preserving recorded UTC instant","NA: not applicable or undefined; event times absent when detection_count=0; CMR observations absent when likelihood excluded; constant-state diagnostics undefined","Audited final analysis; source_output_crosswalk.csv"
"data/telemetry_location_events.csv","last_detection_datetime","character","ISO8601 America/Toronto","Last retained observation at pooled location; ISO8601 America/Toronto preserving recorded UTC instant","NA: not applicable or undefined; event times absent when detection_count=0; CMR observations absent when likelihood excluded; constant-state diagnostics undefined","Audited final analysis; source_output_crosswalk.csv"
"data/telemetry_location_events.csv","detection_count","integer","fish or observations as defined","Exact number of coauthor-supplied observations used by the executed analysis at fish-location level; no new false-detection filter","Not allowed","Audited final analysis; source_output_crosswalk.csv"
"data/telemetry_location_events.csv","detected","integer","dimensionless","Integer binary indicator detection_count > 0; zero locations retain explicit rows","Not allowed","Audited final analysis; source_output_crosswalk.csv"
"data/tide_light_series.csv","datetime","character","ISO8601 America/Toronto","ISO8601 tide instant in America/Toronto; only Figure 2 context window retained, exact duplicated source timestamp collapsed","Not allowed","Coauthor-supplied CHS Campbellton 02175 predictions and NRC light times at Campbellton (48 deg 0.9315 min N, 66 deg 40.3582 min W); authoritative Quebec clock convention"
"data/tide_light_series.csv","tide_height_m","numeric","m","Predicted water height from Canadian Hydrographic Service Campbellton station 02175; supplied prediction datum unchanged","Not allowed","Coauthor-supplied CHS Campbellton 02175 predictions and NRC light times at Campbellton (48 deg 0.9315 min N, 66 deg 40.3582 min W); authoritative Quebec clock convention"
"data/tide_light_series.csv","daylight_state","character","dimensionless","day between sunrise and sunset; nautical_twilight between nautical boundaries outside daylight; night otherwise","Not allowed","Coauthor-supplied CHS Campbellton 02175 predictions and NRC light times at Campbellton (48 deg 0.9315 min N, 66 deg 40.3582 min W); authoritative Quebec clock convention"
"derived-data/published_aggregate_route_diagnostics.csv","quantity","character","dimensionless","Moses, Butters, Neither or Conditional_Moses; aggregate cohort proportions or fish-level binary route states as indicated by file","Not allowed","Audited final analysis; source_output_crosswalk.csv"
"derived-data/published_aggregate_route_diagnostics.csv","mean","numeric","dimensionless","Pooled posterior arithmetic mean, not a median","Not allowed","Audited final analysis; source_output_crosswalk.csv"
"derived-data/published_aggregate_route_diagnostics.csv","sd","numeric","dimensionless","Sample posterior SD across retained draws","Not allowed","Audited final analysis; source_output_crosswalk.csv"
"derived-data/published_aggregate_route_diagnostics.csv","rhat","numeric","dimensionless","coda full-chain R-hat for state-space route quantities; stored R2jags R-hat for CMR archive","Not allowed","Audited final analysis; source_output_crosswalk.csv"
"derived-data/published_aggregate_route_diagnostics.csv","rhat_upper_95","numeric","dimensionless","Upper 95% confidence limit of the coda potential scale reduction factor; not a posterior CrI","Not allowed","Audited final analysis; source_output_crosswalk.csv"
"derived-data/published_aggregate_route_diagnostics.csv","ess","numeric","dimensionless","coda effectiveSize for state-space routes; stored R2jags n.eff for CMR","Not allowed","Audited final analysis; source_output_crosswalk.csv"
"derived-data/published_aggregate_route_diagnostics.csv","mcse","numeric","dimensionless","Monte Carlo standard error of pooled mean from chain-specific AR spectral densities at zero, preserving chain boundaries","Not allowed","Audited final analysis; source_output_crosswalk.csv"
"derived-data/published_aggregate_route_diagnostics.csv","mcse_over_sd","numeric","dimensionless","Monte Carlo standard error divided by posterior SD","Not allowed","Audited final analysis; source_output_crosswalk.csv"
"derived-data/published_aggregate_route_diagnostics.csv","chain_1_mean","numeric","dimensionless","Posterior mean within retained chain 1","Not allowed","Audited final analysis; source_output_crosswalk.csv"
"derived-data/published_aggregate_route_diagnostics.csv","chain_2_mean","numeric","dimensionless","Posterior mean within retained chain 2","Not allowed","Audited final analysis; source_output_crosswalk.csv"
"derived-data/published_aggregate_route_diagnostics.csv","chain_3_mean","numeric","dimensionless","Posterior mean within retained chain 3","Not allowed","Audited final analysis; source_output_crosswalk.csv"
"derived-data/published_aggregate_route_diagnostics.csv","chain_mean_range","numeric","dimensionless","Largest chain-specific mean minus smallest","Not allowed","Audited final analysis; source_output_crosswalk.csv"
"derived-data/published_aggregate_route_diagnostics.csv","constant","logical","dimensionless","TRUE for a value constant in all archived draws; R-hat/ESS then undefined or source placeholders","Not allowed","Audited final analysis; source_output_crosswalk.csv"
"derived-data/published_aggregate_route_diagnostics.csv","status","character","dimensionless","PASS when aggregate R-hat <1.01 and ESS >=2900; otherwise FAIL","Not allowed","Audited final analysis; source_output_crosswalk.csv"
"derived-data/published_cmr_diagnostics.csv","model","character","dimensionless","original CMR or telemetry-informed split-v2 CMR","Not allowed","Audited final analysis; source_output_crosswalk.csv"
"derived-data/published_cmr_diagnostics.csv","parameter","character","dimensionless","Indexed parameter name as monitored in the source fit","Not allowed","Audited final analysis; source_output_crosswalk.csv"
"derived-data/published_cmr_diagnostics.csv","variable","character","dimensionless","Unindexed JAGS variable name","Not allowed","Audited final analysis; source_output_crosswalk.csv"
"derived-data/published_cmr_diagnostics.csv","year","integer","dimensionless","Calendar year; CMR row index t corresponds to 2001+t (2002-2019)","NA: not applicable or undefined; event times absent when detection_count=0; CMR observations absent when likelihood excluded; constant-state diagnostics undefined","Audited final analysis; source_output_crosswalk.csv"
"derived-data/published_cmr_diagnostics.csv","rhat","numeric","dimensionless","coda full-chain R-hat for state-space route quantities; stored R2jags R-hat for CMR archive","Not allowed","Audited final analysis; source_output_crosswalk.csv"
"derived-data/published_cmr_diagnostics.csv","ess","integer","dimensionless","coda effectiveSize for state-space routes; stored R2jags n.eff for CMR","Not allowed","Audited final analysis; source_output_crosswalk.csv"
"derived-data/published_cmr_diagnostics.csv","constant","logical","dimensionless","TRUE for a value constant in all archived draws; R-hat/ESS then undefined or source placeholders","Not allowed","Audited final analysis; source_output_crosswalk.csv"
"derived-data/published_fish_route_diagnostics.csv","fish_index","integer","dimensionless","1-based fish order in all indexed posterior and model arrays; exactly 1:45","Not allowed","Audited final analysis; source_output_crosswalk.csv"
"derived-data/published_fish_route_diagnostics.csv","fish_id","character","dimensionless","Acoustic transmitter identifier, stored as character; no personal identifier","Not allowed","Audited final analysis; source_output_crosswalk.csv"
"derived-data/published_fish_route_diagnostics.csv","quantity","character","dimensionless","Moses, Butters, Neither or Conditional_Moses; aggregate cohort proportions or fish-level binary route states as indicated by file","Not allowed","Audited final analysis; source_output_crosswalk.csv"
"derived-data/published_fish_route_diagnostics.csv","mean","numeric","dimensionless","Pooled posterior arithmetic mean, not a median","Not allowed","Audited final analysis; source_output_crosswalk.csv"
"derived-data/published_fish_route_diagnostics.csv","sd","numeric","dimensionless","Sample posterior SD across retained draws","Not allowed","Audited final analysis; source_output_crosswalk.csv"
"derived-data/published_fish_route_diagnostics.csv","rhat","numeric","dimensionless","coda full-chain R-hat for state-space route quantities; stored R2jags R-hat for CMR archive","NA: not applicable or undefined; event times absent when detection_count=0; CMR observations absent when likelihood excluded; constant-state diagnostics undefined","Audited final analysis; source_output_crosswalk.csv"
"derived-data/published_fish_route_diagnostics.csv","rhat_upper_95","numeric","dimensionless","Upper 95% confidence limit of the coda potential scale reduction factor; not a posterior CrI","NA: not applicable or undefined; event times absent when detection_count=0; CMR observations absent when likelihood excluded; constant-state diagnostics undefined","Audited final analysis; source_output_crosswalk.csv"
"derived-data/published_fish_route_diagnostics.csv","ess","numeric","dimensionless","coda effectiveSize for state-space routes; stored R2jags n.eff for CMR","NA: not applicable or undefined; event times absent when detection_count=0; CMR observations absent when likelihood excluded; constant-state diagnostics undefined","Audited final analysis; source_output_crosswalk.csv"
"derived-data/published_fish_route_diagnostics.csv","mcse","numeric","dimensionless","Monte Carlo standard error of pooled mean from chain-specific AR spectral densities at zero, preserving chain boundaries","Not allowed","Audited final analysis; source_output_crosswalk.csv"
"derived-data/published_fish_route_diagnostics.csv","mcse_over_sd","numeric","dimensionless","Monte Carlo standard error divided by posterior SD","Not allowed","Audited final analysis; source_output_crosswalk.csv"
"derived-data/published_fish_route_diagnostics.csv","chain_1_mean","numeric","dimensionless","Posterior mean within retained chain 1","Not allowed","Audited final analysis; source_output_crosswalk.csv"
"derived-data/published_fish_route_diagnostics.csv","chain_2_mean","numeric","dimensionless","Posterior mean within retained chain 2","Not allowed","Audited final analysis; source_output_crosswalk.csv"
"derived-data/published_fish_route_diagnostics.csv","chain_3_mean","numeric","dimensionless","Posterior mean within retained chain 3","Not allowed","Audited final analysis; source_output_crosswalk.csv"
"derived-data/published_fish_route_diagnostics.csv","chain_mean_range","numeric","dimensionless","Largest chain-specific mean minus smallest","Not allowed","Audited final analysis; source_output_crosswalk.csv"
"derived-data/published_fish_route_diagnostics.csv","constant","logical","dimensionless","TRUE for a value constant in all archived draws; R-hat/ESS then undefined or source placeholders","Not allowed","Audited final analysis; source_output_crosswalk.csv"
"derived-data/published_state_space_diagnostics.csv","parameter","character","dimensionless","Indexed parameter name as monitored in the source fit","Not allowed","Audited final analysis; source_output_crosswalk.csv"
"derived-data/published_state_space_diagnostics.csv","saved_rhat","numeric","dimensionless","R-hat stored by R2jags in the published state-space fit","Not allowed","Audited final analysis; source_output_crosswalk.csv"
"derived-data/published_state_space_diagnostics.csv","saved_ess","integer","dimensionless","Effective sample size stored by R2jags; not interchangeable with coda ESS","Not allowed","Audited final analysis; source_output_crosswalk.csv"
"derived-data/published_state_space_diagnostics.csv","constant","logical","dimensionless","TRUE for a value constant in all archived draws; R-hat/ESS then undefined or source placeholders","Not allowed","Audited final analysis; source_output_crosswalk.csv"
"derived-data/published_state_space_diagnostics.csv","scientific_monitor","logical","dimensionless","FALSE only for deviance; TRUE does not imply satisfactory convergence","Not allowed","Audited final analysis; source_output_crosswalk.csv"
"derived-data/published_state_space_diagnostics.csv","coda_rhat","numeric","dimensionless","Recomputed full retained-chain coda gelman.diag R-hat with autoburnin=FALSE and multivariate=FALSE","NA: not applicable or undefined; event times absent when detection_count=0; CMR observations absent when likelihood excluded; constant-state diagnostics undefined","Audited final analysis; source_output_crosswalk.csv"
"derived-data/published_state_space_diagnostics.csv","coda_ess","numeric","dimensionless","Recomputed full retained-chain coda effectiveSize","NA: not applicable or undefined; event times absent when detection_count=0; CMR observations absent when likelihood excluded; constant-state diagnostics undefined","Audited final analysis; source_output_crosswalk.csv"
"data/cmr_model_input.rds","C_B","numeric length 18","fish","Annual unmarked smolt captures at Butters as supplied to final CMR likelihood; not historical first-recapture subset","NA: structurally excluded observation, unused index slot or model-estimated proportion, according to field definition","Audited final analysis; source_output_crosswalk.csv"
"data/cmr_model_input.rds","C_K","numeric length 18","fish","Annual unmarked smolt captures at Kedgwick as supplied to final CMR likelihood; not historical first-recapture subset","Not allowed","Audited final analysis; source_output_crosswalk.csv"
"data/cmr_model_input.rds","C_Ma","numeric length 18","fish","Annual unmarked smolt captures at Matapedia as supplied to final CMR likelihood; not historical first-recapture subset","NA: structurally excluded observation, unused index slot or model-estimated proportion, according to field definition","Audited final analysis; source_output_crosswalk.csv"
"data/cmr_model_input.rds","C_Mo","numeric length 18","fish","Annual unmarked smolt captures at Moses as supplied to final CMR likelihood; not historical first-recapture subset","NA: structurally excluded observation, unused index slot or model-estimated proportion, according to field definition","Audited final analysis; source_output_crosswalk.csv"
"data/cmr_model_input.rds","C_U","numeric length 18","fish","Annual unmarked smolt captures at Upsalquitch as supplied to final CMR likelihood; not historical first-recapture subset","NA: structurally excluded observation, unused index slot or model-estimated proportion, according to field definition","Audited final analysis; source_output_crosswalk.csv"
"data/cmr_model_input.rds","I_p","numeric 18x4","dimensionless","18x4 active production-component column indices; use only first n_p_dir[t] entries in each row","NA: structurally excluded observation, unused index slot or model-estimated proportion, according to field definition","Audited final analysis; source_output_crosswalk.csv"
"data/cmr_model_input.rds","I_w","numeric 18x5","dimensionless","18x5 binary operation matrix; columns Kedgwick, Upsalquitch, Matapedia, Butters, Moses; model equations retained exactly","Not allowed","Audited final analysis; source_output_crosswalk.csv"
"data/cmr_model_input.rds","M_B","numeric length 18","fish","Annual marked fish released at Butters used in final CMR marked pool","Not allowed","Audited final analysis; source_output_crosswalk.csv"
"data/cmr_model_input.rds","M_B_mort","numeric length 18","fish","Marked-fish mortality adjustment for Butters subtracted in executed downstream marked-pool calculation","Not allowed","Audited final analysis; source_output_crosswalk.csv"
"data/cmr_model_input.rds","M_K","numeric length 18","fish","Annual marked fish released at Kedgwick used in final CMR marked pool","Not allowed","Audited final analysis; source_output_crosswalk.csv"
"data/cmr_model_input.rds","M_K_mort","numeric length 18","fish","Marked-fish mortality adjustment for Kedgwick subtracted in executed downstream marked-pool calculation","Not allowed","Audited final analysis; source_output_crosswalk.csv"
"data/cmr_model_input.rds","M_Ma","numeric length 18","fish","Annual marked fish released at Matapedia used in final CMR marked pool","Not allowed","Audited final analysis; source_output_crosswalk.csv"
"data/cmr_model_input.rds","M_Ma_mort","numeric length 18","fish","Marked-fish mortality adjustment for Matapedia subtracted in executed downstream marked-pool calculation","Not allowed","Audited final analysis; source_output_crosswalk.csv"
"data/cmr_model_input.rds","M_Mo","numeric length 18","fish","Annual marked fish released at Moses used in final CMR marked pool","Not allowed","Audited final analysis; source_output_crosswalk.csv"
"data/cmr_model_input.rds","M_Mo_mort","numeric length 18","fish","Marked-fish mortality adjustment for Moses subtracted in executed downstream marked-pool calculation","Not allowed","Audited final analysis; source_output_crosswalk.csv"
"data/cmr_model_input.rds","M_U","numeric length 18","fish","Annual marked fish released at Upsalquitch used in final CMR marked pool","Not allowed","Audited final analysis; source_output_crosswalk.csv"
"data/cmr_model_input.rds","M_U_mort","numeric length 18","fish","Marked-fish mortality adjustment for Upsalquitch subtracted in executed downstream marked-pool calculation","Not allowed","Audited final analysis; source_output_crosswalk.csv"
"data/cmr_model_input.rds","R_B","numeric length 18","fish","Annual marked smolt recaptures at Butters used in final CMR binomial likelihood","NA: structurally excluded observation, unused index slot or model-estimated proportion, according to field definition","Audited final analysis; source_output_crosswalk.csv"
"data/cmr_model_input.rds","R_K","numeric length 18","fish","Annual marked smolt recaptures at Kedgwick used in final CMR binomial likelihood","Not allowed","Audited final analysis; source_output_crosswalk.csv"
"data/cmr_model_input.rds","R_Ma","numeric length 18","fish","Annual marked smolt recaptures at Matapedia used in final CMR binomial likelihood","NA: structurally excluded observation, unused index slot or model-estimated proportion, according to field definition","Audited final analysis; source_output_crosswalk.csv"
"data/cmr_model_input.rds","R_Mo","numeric length 18","fish","Annual marked smolt recaptures at Moses used in final CMR binomial likelihood","NA: structurally excluded observation, unused index slot or model-estimated proportion, according to field definition","Audited final analysis; source_output_crosswalk.csv"
"data/cmr_model_input.rds","R_U","numeric length 18","fish","Annual marked smolt recaptures at Upsalquitch used in final CMR binomial likelihood","NA: structurally excluded observation, unused index slot or model-estimated proportion, according to field definition","Audited final analysis; source_output_crosswalk.csv"
"data/cmr_model_input.rds","T","numeric length 1","dimensionless","18 annual rows, t=1:18 corresponds to 2002:2019","Not allowed","Audited final analysis; source_output_crosswalk.csv"
"data/cmr_model_input.rds","alpha","numeric 18x4","dimensionless","18x4 normalized habitat-based production weights for Kedgwick, Upsalquitch, Matapedia and residual watershed; Dirichlet gamma shapes multiply eta_alphaN","Not allowed","Audited final analysis; source_output_crosswalk.csv"
"data/cmr_model_input.rds","index_no_mark_B","numeric length 18","dimensionless","Binary inclusion index for Butters downstream likelihood; zero skips years without marking support","Not allowed","Audited final analysis; source_output_crosswalk.csv"
"data/cmr_model_input.rds","index_no_mark_Mo","numeric length 18","dimensionless","Binary inclusion index for Moses downstream likelihood; zero skips years without marking support","Not allowed","Audited final analysis; source_output_crosswalk.csv"
"data/cmr_model_input.rds","n_p_dir","numeric length 18","dimensionless","Length-18 number of active production components per year","Not allowed","Audited final analysis; source_output_crosswalk.csv"
"data/cmr_model_input.rds","p_smolt_prod","numeric 18x4","dimensionless","18x4 production proportions; structural zeros supplied, NA active entries estimated by normalized gamma variables; columns Kedgwick, Upsalquitch, Matapedia, residual watershed","NA: structurally excluded observation, unused index slot or model-estimated proportion, according to field definition","Audited final analysis; source_output_crosswalk.csv"
"data/state_space_initial_values.rds","[[chain]]$p_RP1","numeric 1","dimensionless","Initial probability for p_RP1 in each of three chains; observation mapping in receiver_metadata and transition equation in model","Not allowed","Audited final analysis; source_output_crosswalk.csv"
"data/state_space_initial_values.rds","[[chain]]$p_MM","numeric 1","dimensionless","Initial probability for p_MM in each of three chains; observation mapping in receiver_metadata and transition equation in model","Not allowed","Audited final analysis; source_output_crosswalk.csv"
"data/state_space_initial_values.rds","[[chain]]$p_Rx1","numeric 1","dimensionless","Initial probability for p_Rx1 in each of three chains; observation mapping in receiver_metadata and transition equation in model","Not allowed","Audited final analysis; source_output_crosswalk.csv"
"data/state_space_initial_values.rds","[[chain]]$p_R1a","numeric 1","dimensionless","Initial probability for p_R1a in each of three chains; observation mapping in receiver_metadata and transition equation in model","Not allowed","Audited final analysis; source_output_crosswalk.csv"
"data/state_space_initial_values.rds","[[chain]]$p_R1b","numeric 1","dimensionless","Initial probability for p_R1b in each of three chains; observation mapping in receiver_metadata and transition equation in model","Not allowed","Audited final analysis; source_output_crosswalk.csv"
"data/state_space_initial_values.rds","[[chain]]$p_R2a","numeric 1","dimensionless","Initial probability for p_R2a in each of three chains; observation mapping in receiver_metadata and transition equation in model","Not allowed","Audited final analysis; source_output_crosswalk.csv"
"data/state_space_initial_values.rds","[[chain]]$p_Rx2b","numeric 1","dimensionless","Initial probability for p_Rx2b in each of three chains; observation mapping in receiver_metadata and transition equation in model","Not allowed","Audited final analysis; source_output_crosswalk.csv"
"data/state_space_initial_values.rds","[[chain]]$p_Rx2a","numeric 1","dimensionless","Initial probability for p_Rx2a in each of three chains; observation mapping in receiver_metadata and transition equation in model","Not allowed","Audited final analysis; source_output_crosswalk.csv"
"data/state_space_initial_values.rds","[[chain]]$p_R2b","numeric 1","dimensionless","Initial probability for p_R2b in each of three chains; observation mapping in receiver_metadata and transition equation in model","Not allowed","Audited final analysis; source_output_crosswalk.csv"
"data/state_space_initial_values.rds","[[chain]]$p_R3a","numeric 1","dimensionless","Initial probability for p_R3a in each of three chains; observation mapping in receiver_metadata and transition equation in model","Not allowed","Audited final analysis; source_output_crosswalk.csv"
"data/state_space_initial_values.rds","[[chain]]$p_R3b","numeric 1","dimensionless","Initial probability for p_R3b in each of three chains; observation mapping in receiver_metadata and transition equation in model","Not allowed","Audited final analysis; source_output_crosswalk.csv"
"data/state_space_initial_values.rds","[[chain]]$p_Rest","numeric 1","dimensionless","Initial probability for p_Rest in each of three chains; observation mapping in receiver_metadata and transition equation in model","Not allowed","Audited final analysis; source_output_crosswalk.csv"
"data/state_space_initial_values.rds","[[chain]]$p_Z1a","numeric 1","dimensionless","Initial probability for p_Z1a in each of three chains; observation mapping in receiver_metadata and transition equation in model","Not allowed","Audited final analysis; source_output_crosswalk.csv"
"data/state_space_initial_values.rds","[[chain]]$p_Z2a","numeric 1","dimensionless","Initial probability for p_Z2a in each of three chains; observation mapping in receiver_metadata and transition equation in model","Not allowed","Audited final analysis; source_output_crosswalk.csv"
"data/state_space_initial_values.rds","[[chain]]$p_Z2b","numeric 1","dimensionless","Initial probability for p_Z2b in each of three chains; observation mapping in receiver_metadata and transition equation in model","Not allowed","Audited final analysis; source_output_crosswalk.csv"
"data/state_space_initial_values.rds","[[chain]]$p_dodge","numeric 1","dimensionless","Initial probability for p_dodge in each of three chains; observation mapping in receiver_metadata and transition equation in model","Not allowed","Audited final analysis; source_output_crosswalk.csv"
"data/state_space_initial_values.rds","[[chain]]$p_Z3b","numeric 1","dimensionless","Initial probability for p_Z3b in each of three chains; observation mapping in receiver_metadata and transition equation in model","Not allowed","Audited final analysis; source_output_crosswalk.csv"
"data/state_space_initial_values.rds","[[chain]]$p_Z5b_Z4a","numeric 1","dimensionless","Initial probability for p_Z5b_Z4a in each of three chains; observation mapping in receiver_metadata and transition equation in model","Not allowed","Audited final analysis; source_output_crosswalk.csv"
"data/state_space_initial_values.rds","[[chain]]$p_Z5b_Z4ab","numeric 1","dimensionless","Initial probability for p_Z5b_Z4ab in each of three chains; observation mapping in receiver_metadata and transition equation in model","Not allowed","Audited final analysis; source_output_crosswalk.csv"
"data/state_space_initial_values.rds","[[chain]]$Z1_a","numeric 45","dimensionless","Initial latent state Z1_a length 45 in fish_index order; deterministic complements not initialized","Not allowed","Audited final analysis; source_output_crosswalk.csv"
"data/state_space_initial_values.rds","[[chain]]$Z2_a","numeric 45","dimensionless","Initial latent state Z2_a length 45 in fish_index order; deterministic complements not initialized","Not allowed","Audited final analysis; source_output_crosswalk.csv"
"data/state_space_initial_values.rds","[[chain]]$Z2_b","numeric 45","dimensionless","Initial latent state Z2_b length 45 in fish_index order; deterministic complements not initialized","Not allowed","Audited final analysis; source_output_crosswalk.csv"
"data/state_space_initial_values.rds","[[chain]]$Z3_ab_dodge","numeric 45","dimensionless","Initial latent state Z3_ab_dodge length 45 in fish_index order; deterministic complements not initialized","Not allowed","Audited final analysis; source_output_crosswalk.csv"
"data/state_space_initial_values.rds","[[chain]]$Z4_b","numeric 45","dimensionless","Initial latent state Z4_b length 45 in fish_index order; deterministic complements not initialized","Not allowed","Audited final analysis; source_output_crosswalk.csv"
"data/state_space_initial_values.rds","[[chain]]$Z5_b","numeric 45","dimensionless","Initial latent state Z5_b length 45 in fish_index order; deterministic complements not initialized","Not allowed","Audited final analysis; source_output_crosswalk.csv"
"data/state_space_initial_values.rds","[[chain]]$.RNG.name","character 1","dimensionless","JAGS random generator base::Mersenne-Twister in each chain","Not allowed","Audited final analysis; source_output_crosswalk.csv"
"data/state_space_initial_values.rds","[[chain]]$.RNG.seed","integer 1","dimensionless","Explicit seeds 20230122, 20230123 and 20230124, in chain order","Not allowed","Audited final analysis; source_output_crosswalk.csv"
"data/cmr_initial_values.rds","initial_values$original[[chain]]$mu_theta_K","numeric vector/matrix or RNG string","dimensionless except abundance in fish","Initial mean logit probability-of-capture hyperparameter for named trap","NA or absent field: leave stochastic initialization to JAGS or skip deterministic/nonexistent node, as in source","Audited final analysis; source_output_crosswalk.csv"
"data/cmr_initial_values.rds","initial_values$original[[chain]]$mu_theta_U","numeric vector/matrix or RNG string","dimensionless except abundance in fish","Initial mean logit probability-of-capture hyperparameter for named trap","NA or absent field: leave stochastic initialization to JAGS or skip deterministic/nonexistent node, as in source","Audited final analysis; source_output_crosswalk.csv"
"data/cmr_initial_values.rds","initial_values$original[[chain]]$mu_theta_Ma","numeric vector/matrix or RNG string","dimensionless except abundance in fish","Initial mean logit probability-of-capture hyperparameter for named trap","NA or absent field: leave stochastic initialization to JAGS or skip deterministic/nonexistent node, as in source","Audited final analysis; source_output_crosswalk.csv"
"data/cmr_initial_values.rds","initial_values$original[[chain]]$mu_theta_Mo","numeric vector/matrix or RNG string","dimensionless except abundance in fish","Initial mean logit probability-of-capture hyperparameter for named trap","NA or absent field: leave stochastic initialization to JAGS or skip deterministic/nonexistent node, as in source","Audited final analysis; source_output_crosswalk.csv"
"data/cmr_initial_values.rds","initial_values$original[[chain]]$mu_theta_B","numeric vector/matrix or RNG string","dimensionless except abundance in fish","Initial mean logit probability-of-capture hyperparameter for named trap","NA or absent field: leave stochastic initialization to JAGS or skip deterministic/nonexistent node, as in source","Audited final analysis; source_output_crosswalk.csv"
"data/cmr_initial_values.rds","initial_values$original[[chain]]$sigma_theta_K","numeric vector/matrix or RNG string","dimensionless except abundance in fish","Initial SD logit probability-of-capture hyperparameter for named trap","NA or absent field: leave stochastic initialization to JAGS or skip deterministic/nonexistent node, as in source","Audited final analysis; source_output_crosswalk.csv"
"data/cmr_initial_values.rds","initial_values$original[[chain]]$sigma_theta_U","numeric vector/matrix or RNG string","dimensionless except abundance in fish","Initial SD logit probability-of-capture hyperparameter for named trap","NA or absent field: leave stochastic initialization to JAGS or skip deterministic/nonexistent node, as in source","Audited final analysis; source_output_crosswalk.csv"
"data/cmr_initial_values.rds","initial_values$original[[chain]]$sigma_theta_Ma","numeric vector/matrix or RNG string","dimensionless except abundance in fish","Initial SD logit probability-of-capture hyperparameter for named trap","NA or absent field: leave stochastic initialization to JAGS or skip deterministic/nonexistent node, as in source","Audited final analysis; source_output_crosswalk.csv"
"data/cmr_initial_values.rds","initial_values$original[[chain]]$sigma_theta_Mo","numeric vector/matrix or RNG string","dimensionless except abundance in fish","Initial SD logit probability-of-capture hyperparameter for named trap","NA or absent field: leave stochastic initialization to JAGS or skip deterministic/nonexistent node, as in source","Audited final analysis; source_output_crosswalk.csv"
"data/cmr_initial_values.rds","initial_values$original[[chain]]$sigma_theta_B","numeric vector/matrix or RNG string","dimensionless except abundance in fish","Initial SD logit probability-of-capture hyperparameter for named trap","NA or absent field: leave stochastic initialization to JAGS or skip deterministic/nonexistent node, as in source","Audited final analysis; source_output_crosswalk.csv"
"data/cmr_initial_values.rds","initial_values$original[[chain]]$eta_alphaN","numeric vector/matrix or RNG string","dimensionless except abundance in fish","Initial Dirichlet concentration hyperparameter","NA or absent field: leave stochastic initialization to JAGS or skip deterministic/nonexistent node, as in source","Audited final analysis; source_output_crosswalk.csv"
"data/cmr_initial_values.rds","initial_values$original[[chain]]$delta","numeric vector/matrix or RNG string","dimensionless except abundance in fish","Initial active gamma production components, rows year and columns active-component order","NA or absent field: leave stochastic initialization to JAGS or skip deterministic/nonexistent node, as in source","Audited final analysis; source_output_crosswalk.csv"
"data/cmr_initial_values.rds","initial_values$original[[chain]]$L_theta_K","numeric vector/matrix or RNG string","dimensionless except abundance in fish","Initial annual logit probability of capture for named trap; source vector length follows defined stochastic nodes","NA or absent field: leave stochastic initialization to JAGS or skip deterministic/nonexistent node, as in source","Audited final analysis; source_output_crosswalk.csv"
"data/cmr_initial_values.rds","initial_values$original[[chain]]$L_theta_U","numeric vector/matrix or RNG string","dimensionless except abundance in fish","Initial annual logit probability of capture for named trap; source vector length follows defined stochastic nodes","NA or absent field: leave stochastic initialization to JAGS or skip deterministic/nonexistent node, as in source","Audited final analysis; source_output_crosswalk.csv"
"data/cmr_initial_values.rds","initial_values$original[[chain]]$L_theta_Ma","numeric vector/matrix or RNG string","dimensionless except abundance in fish","Initial annual logit probability of capture for named trap; source vector length follows defined stochastic nodes","NA or absent field: leave stochastic initialization to JAGS or skip deterministic/nonexistent node, as in source","Audited final analysis; source_output_crosswalk.csv"
"data/cmr_initial_values.rds","initial_values$original[[chain]]$L_theta_Mo","numeric vector/matrix or RNG string","dimensionless except abundance in fish","Initial annual logit probability of capture for named trap; source vector length follows defined stochastic nodes","NA or absent field: leave stochastic initialization to JAGS or skip deterministic/nonexistent node, as in source","Audited final analysis; source_output_crosswalk.csv"
"data/cmr_initial_values.rds","initial_values$original[[chain]]$L_theta_B","numeric vector/matrix or RNG string","dimensionless except abundance in fish","Initial annual logit probability of capture for named trap; source vector length follows defined stochastic nodes","NA or absent field: leave stochastic initialization to JAGS or skip deterministic/nonexistent node, as in source","Audited final analysis; source_output_crosswalk.csv"
"data/cmr_initial_values.rds","initial_values$original[[chain]]$Nm_tot","numeric vector/matrix or RNG string","dimensionless except abundance in fish","Initial total abundance by year","NA or absent field: leave stochastic initialization to JAGS or skip deterministic/nonexistent node, as in source","Audited final analysis; source_output_crosswalk.csv"
"data/cmr_initial_values.rds","initial_values$original[[chain]]$.RNG.name","numeric vector/matrix or RNG string","dimensionless except abundance in fish","JAGS base::Mersenne-Twister generator","NA or absent field: leave stochastic initialization to JAGS or skip deterministic/nonexistent node, as in source","Audited final analysis; source_output_crosswalk.csv"
"data/cmr_initial_values.rds","initial_values$original[[chain]]$.RNG.seed","numeric vector/matrix or RNG string","dimensionless except abundance in fish","Seeds 202107 and 202108 in chain order","NA or absent field: leave stochastic initialization to JAGS or skip deterministic/nonexistent node, as in source","Audited final analysis; source_output_crosswalk.csv"
"data/cmr_initial_values.rds","settings$original$monitor","integer or character vector","iterations/count or parameter names","Complete final monitored variable names; used without alteration in optional refit","Not allowed","Audited final analysis; source_output_crosswalk.csv"
"data/cmr_initial_values.rds","settings$original$total_iterations","integer or character vector","iterations/count or parameter names","10500000 total MCMC iterations, excluding separate adaptation","Not allowed","Audited final analysis; source_output_crosswalk.csv"
"data/cmr_initial_values.rds","settings$original$burnin","integer or character vector","iterations/count or parameter names","500000 burn-in iterations","Not allowed","Audited final analysis; source_output_crosswalk.csv"
"data/cmr_initial_values.rds","settings$original$thinning","integer or character vector","iterations/count or parameter names","Retain every 2000th post-burn-in iteration","Not allowed","Audited final analysis; source_output_crosswalk.csv"
"data/cmr_initial_values.rds","settings$original$chains","integer or character vector","iterations/count or parameter names","Two chains","Not allowed","Audited final analysis; source_output_crosswalk.csv"
"data/cmr_initial_values.rds","initial_values$split[[chain]]$mu_theta_K","numeric vector/matrix or RNG string","dimensionless except abundance in fish","Initial mean logit probability-of-capture hyperparameter for named trap","NA or absent field: leave stochastic initialization to JAGS or skip deterministic/nonexistent node, as in source","Audited final analysis; source_output_crosswalk.csv"
"data/cmr_initial_values.rds","initial_values$split[[chain]]$mu_theta_U","numeric vector/matrix or RNG string","dimensionless except abundance in fish","Initial mean logit probability-of-capture hyperparameter for named trap","NA or absent field: leave stochastic initialization to JAGS or skip deterministic/nonexistent node, as in source","Audited final analysis; source_output_crosswalk.csv"
"data/cmr_initial_values.rds","initial_values$split[[chain]]$mu_theta_Ma","numeric vector/matrix or RNG string","dimensionless except abundance in fish","Initial mean logit probability-of-capture hyperparameter for named trap","NA or absent field: leave stochastic initialization to JAGS or skip deterministic/nonexistent node, as in source","Audited final analysis; source_output_crosswalk.csv"
"data/cmr_initial_values.rds","initial_values$split[[chain]]$mu_theta_Mo","numeric vector/matrix or RNG string","dimensionless except abundance in fish","Initial mean logit probability-of-capture hyperparameter for named trap","NA or absent field: leave stochastic initialization to JAGS or skip deterministic/nonexistent node, as in source","Audited final analysis; source_output_crosswalk.csv"
"data/cmr_initial_values.rds","initial_values$split[[chain]]$mu_theta_B","numeric vector/matrix or RNG string","dimensionless except abundance in fish","Initial mean logit probability-of-capture hyperparameter for named trap","NA or absent field: leave stochastic initialization to JAGS or skip deterministic/nonexistent node, as in source","Audited final analysis; source_output_crosswalk.csv"
"data/cmr_initial_values.rds","initial_values$split[[chain]]$sigma_theta_K","numeric vector/matrix or RNG string","dimensionless except abundance in fish","Initial SD logit probability-of-capture hyperparameter for named trap","NA or absent field: leave stochastic initialization to JAGS or skip deterministic/nonexistent node, as in source","Audited final analysis; source_output_crosswalk.csv"
"data/cmr_initial_values.rds","initial_values$split[[chain]]$sigma_theta_U","numeric vector/matrix or RNG string","dimensionless except abundance in fish","Initial SD logit probability-of-capture hyperparameter for named trap","NA or absent field: leave stochastic initialization to JAGS or skip deterministic/nonexistent node, as in source","Audited final analysis; source_output_crosswalk.csv"
"data/cmr_initial_values.rds","initial_values$split[[chain]]$sigma_theta_Ma","numeric vector/matrix or RNG string","dimensionless except abundance in fish","Initial SD logit probability-of-capture hyperparameter for named trap","NA or absent field: leave stochastic initialization to JAGS or skip deterministic/nonexistent node, as in source","Audited final analysis; source_output_crosswalk.csv"
"data/cmr_initial_values.rds","initial_values$split[[chain]]$sigma_theta_Mo","numeric vector/matrix or RNG string","dimensionless except abundance in fish","Initial SD logit probability-of-capture hyperparameter for named trap","NA or absent field: leave stochastic initialization to JAGS or skip deterministic/nonexistent node, as in source","Audited final analysis; source_output_crosswalk.csv"
"data/cmr_initial_values.rds","initial_values$split[[chain]]$sigma_theta_B","numeric vector/matrix or RNG string","dimensionless except abundance in fish","Initial SD logit probability-of-capture hyperparameter for named trap","NA or absent field: leave stochastic initialization to JAGS or skip deterministic/nonexistent node, as in source","Audited final analysis; source_output_crosswalk.csv"
"data/cmr_initial_values.rds","initial_values$split[[chain]]$eta_alphaN","numeric vector/matrix or RNG string","dimensionless except abundance in fish","Initial Dirichlet concentration hyperparameter","NA or absent field: leave stochastic initialization to JAGS or skip deterministic/nonexistent node, as in source","Audited final analysis; source_output_crosswalk.csv"
"data/cmr_initial_values.rds","initial_values$split[[chain]]$delta","numeric vector/matrix or RNG string","dimensionless except abundance in fish","Initial active gamma production components, rows year and columns active-component order","NA or absent field: leave stochastic initialization to JAGS or skip deterministic/nonexistent node, as in source","Audited final analysis; source_output_crosswalk.csv"
"data/cmr_initial_values.rds","initial_values$split[[chain]]$L_theta_K","numeric vector/matrix or RNG string","dimensionless except abundance in fish","Initial annual logit probability of capture for named trap; source vector length follows defined stochastic nodes","NA or absent field: leave stochastic initialization to JAGS or skip deterministic/nonexistent node, as in source","Audited final analysis; source_output_crosswalk.csv"
"data/cmr_initial_values.rds","initial_values$split[[chain]]$L_theta_U","numeric vector/matrix or RNG string","dimensionless except abundance in fish","Initial annual logit probability of capture for named trap; source vector length follows defined stochastic nodes","NA or absent field: leave stochastic initialization to JAGS or skip deterministic/nonexistent node, as in source","Audited final analysis; source_output_crosswalk.csv"
"data/cmr_initial_values.rds","initial_values$split[[chain]]$L_theta_Ma","numeric vector/matrix or RNG string","dimensionless except abundance in fish","Initial annual logit probability of capture for named trap; source vector length follows defined stochastic nodes","NA or absent field: leave stochastic initialization to JAGS or skip deterministic/nonexistent node, as in source","Audited final analysis; source_output_crosswalk.csv"
"data/cmr_initial_values.rds","initial_values$split[[chain]]$Nm_tot","numeric vector/matrix or RNG string","dimensionless except abundance in fish","Initial total abundance by year","NA or absent field: leave stochastic initialization to JAGS or skip deterministic/nonexistent node, as in source","Audited final analysis; source_output_crosswalk.csv"
"data/cmr_initial_values.rds","initial_values$split[[chain]]$L_theta_B_cond","numeric vector/matrix or RNG string","dimensionless except abundance in fish","Initial annual logit probability of capture for named trap; source vector length follows defined stochastic nodes","NA or absent field: leave stochastic initialization to JAGS or skip deterministic/nonexistent node, as in source","Audited final analysis; source_output_crosswalk.csv"
"data/cmr_initial_values.rds","initial_values$split[[chain]]$L_theta_Mo_cond","numeric vector/matrix or RNG string","dimensionless except abundance in fish","Initial annual logit probability of capture for named trap; source vector length follows defined stochastic nodes","NA or absent field: leave stochastic initialization to JAGS or skip deterministic/nonexistent node, as in source","Audited final analysis; source_output_crosswalk.csv"
"data/cmr_initial_values.rds","initial_values$split[[chain]]$.RNG.name","numeric vector/matrix or RNG string","dimensionless except abundance in fish","JAGS base::Mersenne-Twister generator","NA or absent field: leave stochastic initialization to JAGS or skip deterministic/nonexistent node, as in source","Audited final analysis; source_output_crosswalk.csv"
"data/cmr_initial_values.rds","initial_values$split[[chain]]$.RNG.seed","numeric vector/matrix or RNG string","dimensionless except abundance in fish","Seeds 202107 and 202108 in chain order","NA or absent field: leave stochastic initialization to JAGS or skip deterministic/nonexistent node, as in source","Audited final analysis; source_output_crosswalk.csv"
"data/cmr_initial_values.rds","settings$split$monitor","integer or character vector","iterations/count or parameter names","Complete final monitored variable names; used without alteration in optional refit","Not allowed","Audited final analysis; source_output_crosswalk.csv"
"data/cmr_initial_values.rds","settings$split$total_iterations","integer or character vector","iterations/count or parameter names","10500000 total MCMC iterations, excluding separate adaptation","Not allowed","Audited final analysis; source_output_crosswalk.csv"
"data/cmr_initial_values.rds","settings$split$burnin","integer or character vector","iterations/count or parameter names","1000000 burn-in iterations","Not allowed","Audited final analysis; source_output_crosswalk.csv"
"data/cmr_initial_values.rds","settings$split$thinning","integer or character vector","iterations/count or parameter names","Retain every 2000th post-burn-in iteration","Not allowed","Audited final analysis; source_output_crosswalk.csv"
"data/cmr_initial_values.rds","settings$split$chains","integer or character vector","iterations/count or parameter names","Two chains","Not allowed","Audited final analysis; source_output_crosswalk.csv"
"derived-data/published_state_space_draws.rds","draws","R list component","as defined","Numeric array 3400 retained iterations x 3 chains x 199 parameter columns; unchanged joint chain order; 19 probability parameters and four 45-fish state vectors Z2_a, Z4_b, Z3_ab_dodge, Z4_ab. Named third dimension; do not shuffle independently across columns","Not allowed","Audited final analysis; source_output_crosswalk.csv"
"derived-data/published_state_space_draws.rds","fish_id","R list component","as defined","Length-45 character tag vector maps bracketed fish indices to tags","Not allowed","Audited final analysis; source_output_crosswalk.csv"
"derived-data/published_state_space_draws.rds","retained_iterations_per_chain","R list component","as defined","3400 published retained iterations per chain","Not allowed","Audited final analysis; source_output_crosswalk.csv"
"derived-data/published_state_space_draws.rds","chains","R list component","as defined","Three preserved chains","Not allowed","Audited final analysis; source_output_crosswalk.csv"
"derived-data/published_state_space_draws.rds","archived_burnin_metadata","R list component","as defined","Saved fit metadata: 10000; public refit uses author-resolved 9800","Not allowed","Audited final analysis; source_output_crosswalk.csv"
"derived-data/published_state_space_draws.rds","thinning","R list component","as defined","Published spacing: 100 iterations","Not allowed","Audited final analysis; source_output_crosswalk.csv"
"derived-data/published_state_space_draws.rds","refit_burnin","R list component","as defined","Authoritative optional-refit burn-in 9800","Not allowed","Audited final analysis; source_output_crosswalk.csv"
"derived-data/published_state_space_draws.rds","refit_total_iterations","R list component","as defined","Optional-refit total 350000, not additional post-burn-in iterations","Not allowed","Audited final analysis; source_output_crosswalk.csv"
"derived-data/published_state_space_draws.rds","monitor","R list component","as defined","Complete final monitoring set used when refitting; compact archive contains only columns needed for displayed outputs","Not allowed","Audited final analysis; source_output_crosswalk.csv"
"derived-data/published_state_space_draws.rds","source","R list component","as defined","Archive lineage statement; no machine path or bulky sampler internals","Not allowed","Audited final analysis; source_output_crosswalk.csv"
