table,key,field,expected,tolerance
Table 1,61690,fish_id,61690,0
Table 1,61690,fork_length_mm,147,0
Table 1,61690,weight_g,27.4,0.050000000001
Table 1,61690,RP1,1,0
Table 1,61690,all_MM,19,0
Table 1,61690,Rx1,203,0
Table 1,61690,R1a,0,0
Table 1,61690,R1b,1,0
Table 1,61690,R2a,0,0
Table 1,61690,Rx2b,0,0
Table 1,61690,Rx2a,0,0
Table 1,61690,R2b,0,0
Table 1,61690,R3a,0,0
Table 1,61690,R3b,0,0
Table 1,61690,HoT,7,0
Table 1,61690,Inner_Bay,3,0
Table 1,61690,Outer_Bay,9,0
Table 1,61690,all_SoBI,0,0
Table 1,61690,total_detections,243,0
Table 1,61690,release_Rx1_days,1.38,0.005000000001
Table 1,61690,release_HoT_days,3.56,0.005000000001
Table 1,61690,HoT_inner_days,1.03,0.005000000001
Table 1,61690,HoT_outer_days,3.94,0.005000000001
Table 1,61690,HoT_SoBI_days,NA,0.500000000001
Table 1,61691,fish_id,61691,0
Table 1,61691,fork_length_mm,145,0
Table 1,61691,weight_g,25.4,0.050000000001
Table 1,61691,RP1,1,0
Table 1,61691,all_MM,25,0
Table 1,61691,Rx1,27,0
Table 1,61691,R1a,0,0
Table 1,61691,R1b,1,0
Table 1,61691,R2a,0,0
Table 1,61691,Rx2b,1,0
Table 1,61691,Rx2a,0,0
Table 1,61691,R2b,0,0
Table 1,61691,R3a,0,0
Table 1,61691,R3b,2,0
Table 1,61691,HoT,15,0
Table 1,61691,Inner_Bay,0,0
Table 1,61691,Outer_Bay,27,0
Table 1,61691,all_SoBI,65,0
Table 1,61691,total_detections,164,0
Table 1,61691,release_Rx1_days,1.55,0.005000000001
Table 1,61691,release_HoT_days,3.95,0.005000000001
Table 1,61691,HoT_inner_days,NA,0.500000000001
Table 1,61691,HoT_outer_days,6.29,0.005000000001
Table 1,61691,HoT_SoBI_days,34.7,0.005000000001
Table 1,61692,fish_id,61692,0
Table 1,61692,fork_length_mm,145,0
Table 1,61692,weight_g,26.1,0.050000000001
Table 1,61692,RP1,1,0
Table 1,61692,all_MM,18,0
Table 1,61692,Rx1,1,0
Table 1,61692,R1a,0,0
Table 1,61692,R1b,0,0
Table 1,61692,R2a,0,0
Table 1,61692,Rx2b,0,0
Table 1,61692,Rx2a,0,0
Table 1,61692,R2b,0,0
Table 1,61692,R3a,1,0
Table 1,61692,R3b,0,0
Table 1,61692,HoT,24,0
Table 1,61692,Inner_Bay,5,0
Table 1,61692,Outer_Bay,5,0
Table 1,61692,all_SoBI,0,0
Table 1,61692,total_detections,55,0
Table 1,61692,release_Rx1_days,2.07,0.005000000001
Table 1,61692,release_HoT_days,2.52,0.005000000001
Table 1,61692,HoT_inner_days,1.47,0.005000000001
Table 1,61692,HoT_outer_days,3.26,0.005000000001
Table 1,61692,HoT_SoBI_days,NA,0.500000000001
Table 1,61693,fish_id,61693,0
Table 1,61693,fork_length_mm,162,0
Table 1,61693,weight_g,35.7,0.050000000001
Table 1,61693,RP1,1,0
Table 1,61693,all_MM,3,0
Table 1,61693,Rx1,1,0
Table 1,61693,R1a,0,0
Table 1,61693,R1b,0,0
Table 1,61693,R2a,0,0
Table 1,61693,Rx2b,0,0
Table 1,61693,Rx2a,0,0
Table 1,61693,R2b,0,0
Table 1,61693,R3a,2,0
Table 1,61693,R3b,0,0
Table 1,61693,HoT,1,0
Table 1,61693,Inner_Bay,0,0
Table 1,61693,Outer_Bay,0,0
Table 1,61693,all_SoBI,9,0
Table 1,61693,total_detections,17,0
Table 1,61693,release_Rx1_days,2.16,0.005000000001
Table 1,61693,release_HoT_days,3.97,0.005000000001
Table 1,61693,HoT_inner_days,NA,0.500000000001
Table 1,61693,HoT_outer_days,NA,0.500000000001
Table 1,61693,HoT_SoBI_days,33.56,0.005000000001
Table 1,61834,fish_id,61834,0
Table 1,61834,fork_length_mm,146,0
Table 1,61834,weight_g,25.6,0.050000000001
Table 1,61834,RP1,1,0
Table 1,61834,all_MM,10,0
Table 1,61834,Rx1,1,0
Table 1,61834,R1a,0,0
Table 1,61834,R1b,2,0
Table 1,61834,R2a,0,0
Table 1,61834,Rx2b,1,0
Table 1,61834,Rx2a,0,0
Table 1,61834,R2b,0,0
Table 1,61834,R3a,0,0
Table 1,61834,R3b,0,0
Table 1,61834,HoT,24,0
Table 1,61834,Inner_Bay,0,0
Table 1,61834,Outer_Bay,3,0
Table 1,61834,all_SoBI,8,0
Table 1,61834,total_detections,50,0
Table 1,61834,release_Rx1_days,1.43,0.005000000001
Table 1,61834,release_HoT_days,3.62,0.005000000001
Table 1,61834,HoT_inner_days,NA,0.500000000001
Table 1,61834,HoT_outer_days,5.46,0.005000000001
Table 1,61834,HoT_SoBI_days,32.83,0.005000000001
Table 1,61835,fish_id,61835,0
Table 1,61835,fork_length_mm,139,0
Table 1,61835,weight_g,21,0.500000000001
Table 1,61835,RP1,0,0
Table 1,61835,all_MM,10,0
Table 1,61835,Rx1,4,0
Table 1,61835,R1a,0,0
Table 1,61835,R1b,7,0
Table 1,61835,R2a,0,0
Table 1,61835,Rx2b,0,0
Table 1,61835,Rx2a,3,0
Table 1,61835,R2b,0,0
Table 1,61835,R3a,3,0
Table 1,61835,R3b,0,0
Table 1,61835,HoT,18,0
Table 1,61835,Inner_Bay,9,0
Table 1,61835,Outer_Bay,143,0
Table 1,61835,all_SoBI,2,0
Table 1,61835,total_detections,199,0
Table 1,61835,release_Rx1_days,1.35,0.005000000001
Table 1,61835,release_HoT_days,3.98,0.005000000001
Table 1,61835,HoT_inner_days,1.15,0.005000000001
Table 1,61835,HoT_outer_days,3.62,0.005000000001
Table 1,61835,HoT_SoBI_days,37.05,0.005000000001
Table 1,61836,fish_id,61836,0
Table 1,61836,fork_length_mm,163,0
Table 1,61836,weight_g,42.5,0.050000000001
Table 1,61836,RP1,1,0
Table 1,61836,all_MM,3,0
Table 1,61836,Rx1,0,0
Table 1,61836,R1a,0,0
Table 1,61836,R1b,0,0
Table 1,61836,R2a,0,0
Table 1,61836,Rx2b,0,0
Table 1,61836,Rx2a,0,0
Table 1,61836,R2b,0,0
Table 1,61836,R3a,1,0
Table 1,61836,R3b,0,0
Table 1,61836,HoT,69,0
Table 1,61836,Inner_Bay,0,0
Table 1,61836,Outer_Bay,20,0
Table 1,61836,all_SoBI,12,0
Table 1,61836,total_detections,106,0
Table 1,61836,release_Rx1_days,NA,0.500000000001
Table 1,61836,release_HoT_days,5.32,0.005000000001
Table 1,61836,HoT_inner_days,NA,0.500000000001
Table 1,61836,HoT_outer_days,4.74,0.005000000001
Table 1,61836,HoT_SoBI_days,31.57,0.005000000001
Table 1,61837,fish_id,61837,0
Table 1,61837,fork_length_mm,132,0
Table 1,61837,weight_g,20.8,0.050000000001
Table 1,61837,RP1,1,0
Table 1,61837,all_MM,6,0
Table 1,61837,Rx1,1,0
Table 1,61837,R1a,0,0
Table 1,61837,R1b,3,0
Table 1,61837,R2a,0,0
Table 1,61837,Rx2b,4,0
Table 1,61837,Rx2a,0,0
Table 1,61837,R2b,1,0
Table 1,61837,R3a,0,0
Table 1,61837,R3b,2,0
Table 1,61837,HoT,13,0
Table 1,61837,Inner_Bay,9,0
Table 1,61837,Outer_Bay,8,0
Table 1,61837,all_SoBI,2,0
Table 1,61837,total_detections,50,0
Table 1,61837,release_Rx1_days,2.26,0.005000000001
Table 1,61837,release_HoT_days,3.94,0.005000000001
Table 1,61837,HoT_inner_days,0.66,0.005000000001
Table 1,61837,HoT_outer_days,3.66,0.005000000001
Table 1,61837,HoT_SoBI_days,37.08,0.005000000001
Table 1,61838,fish_id,61838,0
Table 1,61838,fork_length_mm,148,0
Table 1,61838,weight_g,28.9,0.050000000001
Table 1,61838,RP1,1,0
Table 1,61838,all_MM,7,0
Table 1,61838,Rx1,1,0
Table 1,61838,R1a,0,0
Table 1,61838,R1b,8,0
Table 1,61838,R2a,0,0
Table 1,61838,Rx2b,9,0
Table 1,61838,Rx2a,0,0
Table 1,61838,R2b,0,0
Table 1,61838,R3a,0,0
Table 1,61838,R3b,28,0
Table 1,61838,HoT,44,0
Table 1,61838,Inner_Bay,0,0
Table 1,61838,Outer_Bay,8,0
Table 1,61838,all_SoBI,0,0
Table 1,61838,total_detections,106,0
Table 1,61838,release_Rx1_days,2.26,0.005000000001
Table 1,61838,release_HoT_days,4.41,0.005000000001
Table 1,61838,HoT_inner_days,NA,0.500000000001
Table 1,61838,HoT_outer_days,4.66,0.005000000001
Table 1,61838,HoT_SoBI_days,NA,0.500000000001
Table 1,61839,fish_id,61839,0
Table 1,61839,fork_length_mm,147,0
Table 1,61839,weight_g,26.1,0.050000000001
Table 1,61839,RP1,0,0
Table 1,61839,all_MM,0,0
Table 1,61839,Rx1,0,0
Table 1,61839,R1a,4,0
Table 1,61839,R1b,0,0
Table 1,61839,R2a,0,0
Table 1,61839,Rx2b,0,0
Table 1,61839,Rx2a,0,0
Table 1,61839,R2b,0,0
Table 1,61839,R3a,1,0
Table 1,61839,R3b,0,0
Table 1,61839,HoT,584,0
Table 1,61839,Inner_Bay,5,0
Table 1,61839,Outer_Bay,14,0
Table 1,61839,all_SoBI,2,0
Table 1,61839,total_detections,610,0
Table 1,61839,release_Rx1_days,NA,0.500000000001
Table 1,61839,release_HoT_days,7.25,0.005000000001
Table 1,61839,HoT_inner_days,0.6,0.005000000001
Table 1,61839,HoT_outer_days,4.3,0.005000000001
Table 1,61839,HoT_SoBI_days,30.42,0.005000000001
Table 1,61840,fish_id,61840,0
Table 1,61840,fork_length_mm,142,0
Table 1,61840,weight_g,25.8,0.050000000001
Table 1,61840,RP1,0,0
Table 1,61840,all_MM,5,0
Table 1,61840,Rx1,1,0
Table 1,61840,R1a,0,0
Table 1,61840,R1b,0,0
Table 1,61840,R2a,0,0
Table 1,61840,Rx2b,0,0
Table 1,61840,Rx2a,0,0
Table 1,61840,R2b,0,0
Table 1,61840,R3a,0,0
Table 1,61840,R3b,0,0
Table 1,61840,HoT,16,0
Table 1,61840,Inner_Bay,36,0
Table 1,61840,Outer_Bay,0,0
Table 1,61840,all_SoBI,0,0
Table 1,61840,total_detections,58,0
Table 1,61840,release_Rx1_days,3.73,0.005000000001
Table 1,61840,release_HoT_days,3.97,0.005000000001
Table 1,61840,HoT_inner_days,0.69,0.005000000001
Table 1,61840,HoT_outer_days,NA,0.500000000001
Table 1,61840,HoT_SoBI_days,NA,0.500000000001
Table 1,61841,fish_id,61841,0
Table 1,61841,fork_length_mm,130,0
Table 1,61841,weight_g,19.9,0.050000000001
Table 1,61841,RP1,1,0
Table 1,61841,all_MM,4,0
Table 1,61841,Rx1,1,0
Table 1,61841,R1a,0,0
Table 1,61841,R1b,1,0
Table 1,61841,R2a,0,0
Table 1,61841,Rx2b,2,0
Table 1,61841,Rx2a,0,0
Table 1,61841,R2b,1,0
Table 1,61841,R3a,0,0
Table 1,61841,R3b,2,0
Table 1,61841,HoT,445,0
Table 1,61841,Inner_Bay,29,0
Table 1,61841,Outer_Bay,15,0
Table 1,61841,all_SoBI,16,0
Table 1,61841,total_detections,517,0
Table 1,61841,release_Rx1_days,2.26,0.005000000001
Table 1,61841,release_HoT_days,5.32,0.005000000001
Table 1,61841,HoT_inner_days,2.51,0.005000000001
Table 1,61841,HoT_outer_days,4.71,0.005000000001
Table 1,61841,HoT_SoBI_days,30.6,0.005000000001
Table 1,61842,fish_id,61842,0
Table 1,61842,fork_length_mm,149,0
Table 1,61842,weight_g,26.7,0.050000000001
Table 1,61842,RP1,0,0
Table 1,61842,all_MM,0,0
Table 1,61842,Rx1,0,0
Table 1,61842,R1a,0,0
Table 1,61842,R1b,0,0
Table 1,61842,R2a,0,0
Table 1,61842,Rx2b,0,0
Table 1,61842,Rx2a,0,0
Table 1,61842,R2b,0,0
Table 1,61842,R3a,1,0
Table 1,61842,R3b,0,0
Table 1,61842,HoT,90,0
Table 1,61842,Inner_Bay,1,0
Table 1,61842,Outer_Bay,71,0
Table 1,61842,all_SoBI,4,0
Table 1,61842,total_detections,167,0
Table 1,61842,release_Rx1_days,NA,0.500000000001
Table 1,61842,release_HoT_days,7.25,0.005000000001
Table 1,61842,HoT_inner_days,1.18,0.005000000001
Table 1,61842,HoT_outer_days,6.1,0.005000000001
Table 1,61842,HoT_SoBI_days,30.34,0.005000000001
Table 1,61843,fish_id,61843,0
Table 1,61843,fork_length_mm,157,0
Table 1,61843,weight_g,34.7,0.050000000001
Table 1,61843,RP1,0,0
Table 1,61843,all_MM,0,0
Table 1,61843,Rx1,0,0
Table 1,61843,R1a,0,0
Table 1,61843,R1b,0,0
Table 1,61843,R2a,0,0
Table 1,61843,Rx2b,0,0
Table 1,61843,Rx2a,1,0
Table 1,61843,R2b,0,0
Table 1,61843,R3a,0,0
Table 1,61843,R3b,0,0
Table 1,61843,HoT,16,0
Table 1,61843,Inner_Bay,5,0
Table 1,61843,Outer_Bay,35,0
Table 1,61843,all_SoBI,7,0
Table 1,61843,total_detections,64,0
Table 1,61843,release_Rx1_days,NA,0.500000000001
Table 1,61843,release_HoT_days,9.55,0.005000000001
Table 1,61843,HoT_inner_days,0.62,0.005000000001
Table 1,61843,HoT_outer_days,4.07,0.005000000001
Table 1,61843,HoT_SoBI_days,31.35,0.005000000001
Table 1,61844,fish_id,61844,0
Table 1,61844,fork_length_mm,134,0
Table 1,61844,weight_g,19,0.500000000001
Table 1,61844,RP1,1,0
Table 1,61844,all_MM,14,0
Table 1,61844,Rx1,3,0
Table 1,61844,R1a,0,0
Table 1,61844,R1b,0,0
Table 1,61844,R2a,0,0
Table 1,61844,Rx2b,0,0
Table 1,61844,Rx2a,0,0
Table 1,61844,R2b,0,0
Table 1,61844,R3a,1,0
Table 1,61844,R3b,0,0
Table 1,61844,HoT,19,0
Table 1,61844,Inner_Bay,9,0
Table 1,61844,Outer_Bay,13,0
Table 1,61844,all_SoBI,0,0
Table 1,61844,total_detections,60,0
Table 1,61844,release_Rx1_days,2.42,0.005000000001
Table 1,61844,release_HoT_days,7.07,0.005000000001
Table 1,61844,HoT_inner_days,1.8,0.005000000001
Table 1,61844,HoT_outer_days,10.15,0.005000000001
Table 1,61844,HoT_SoBI_days,NA,0.500000000001
Table 1,61845,fish_id,61845,0
Table 1,61845,fork_length_mm,145,0
Table 1,61845,weight_g,27.5,0.050000000001
Table 1,61845,RP1,1,0
Table 1,61845,all_MM,9,0
Table 1,61845,Rx1,4,0
Table 1,61845,R1a,0,0
Table 1,61845,R1b,8,0
Table 1,61845,R2a,0,0
Table 1,61845,Rx2b,127,0
Table 1,61845,Rx2a,0,0
Table 1,61845,R2b,0,0
Table 1,61845,R3a,0,0
Table 1,61845,R3b,2,0
Table 1,61845,HoT,23,0
Table 1,61845,Inner_Bay,113,0
Table 1,61845,Outer_Bay,14,0
Table 1,61845,all_SoBI,6,0
Table 1,61845,total_detections,307,0
Table 1,61845,release_Rx1_days,1.38,0.005000000001
Table 1,61845,release_HoT_days,2.55,0.005000000001
Table 1,61845,HoT_inner_days,1.21,0.005000000001
Table 1,61845,HoT_outer_days,3.26,0.005000000001
Table 1,61845,HoT_SoBI_days,39.25,0.005000000001
Table 1,61846,fish_id,61846,0
Table 1,61846,fork_length_mm,159,0
Table 1,61846,weight_g,35.7,0.050000000001
Table 1,61846,RP1,0,0
Table 1,61846,all_MM,2,0
Table 1,61846,Rx1,1,0
Table 1,61846,R1a,0,0
Table 1,61846,R1b,1,0
Table 1,61846,R2a,0,0
Table 1,61846,Rx2b,4,0
Table 1,61846,Rx2a,0,0
Table 1,61846,R2b,1,0
Table 1,61846,R3a,0,0
Table 1,61846,R3b,0,0
Table 1,61846,HoT,639,0
Table 1,61846,Inner_Bay,2,0
Table 1,61846,Outer_Bay,1,0
Table 1,61846,all_SoBI,7,0
Table 1,61846,total_detections,658,0
Table 1,61846,release_Rx1_days,3.64,0.005000000001
Table 1,61846,release_HoT_days,4.37,0.005000000001
Table 1,61846,HoT_inner_days,1.48,0.005000000001
Table 1,61846,HoT_outer_days,3.36,0.005000000001
Table 1,61846,HoT_SoBI_days,31.49,0.005000000001
Table 1,61847,fish_id,61847,0
Table 1,61847,fork_length_mm,143,0
Table 1,61847,weight_g,26,0.500000000001
Table 1,61847,RP1,1,0
Table 1,61847,all_MM,2,0
Table 1,61847,Rx1,0,0
Table 1,61847,R1a,0,0
Table 1,61847,R1b,2,0
Table 1,61847,R2a,0,0
Table 1,61847,Rx2b,3,0
Table 1,61847,Rx2a,0,0
Table 1,61847,R2b,1,0
Table 1,61847,R3a,0,0
Table 1,61847,R3b,0,0
Table 1,61847,HoT,611,0
Table 1,61847,Inner_Bay,0,0
Table 1,61847,Outer_Bay,154,0
Table 1,61847,all_SoBI,1,0
Table 1,61847,total_detections,775,0
Table 1,61847,release_Rx1_days,NA,0.500000000001
Table 1,61847,release_HoT_days,4.29,0.005000000001
Table 1,61847,HoT_inner_days,NA,0.500000000001
Table 1,61847,HoT_outer_days,3.85,0.005000000001
Table 1,61847,HoT_SoBI_days,36.5,0.005000000001
Table 1,61848,fish_id,61848,0
Table 1,61848,fork_length_mm,140,0
Table 1,61848,weight_g,26.9,0.050000000001
Table 1,61848,RP1,0,0
Table 1,61848,all_MM,6,0
Table 1,61848,Rx1,0,0
Table 1,61848,R1a,0,0
Table 1,61848,R1b,0,0
Table 1,61848,R2a,0,0
Table 1,61848,Rx2b,0,0
Table 1,61848,Rx2a,0,0
Table 1,61848,R2b,0,0
Table 1,61848,R3a,1,0
Table 1,61848,R3b,0,0
Table 1,61848,HoT,10,0
Table 1,61848,Inner_Bay,2,0
Table 1,61848,Outer_Bay,27,0
Table 1,61848,all_SoBI,0,0
Table 1,61848,total_detections,46,0
Table 1,61848,release_Rx1_days,NA,0.500000000001
Table 1,61848,release_HoT_days,2.1,0.005000000001
Table 1,61848,HoT_inner_days,1.01,0.005000000001
Table 1,61848,HoT_outer_days,9.29,0.005000000001
Table 1,61848,HoT_SoBI_days,NA,0.500000000001
Table 1,61849,fish_id,61849,0
Table 1,61849,fork_length_mm,143,0
Table 1,61849,weight_g,28.1,0.050000000001
Table 1,61849,RP1,1,0
Table 1,61849,all_MM,6,0
Table 1,61849,Rx1,1,0
Table 1,61849,R1a,0,0
Table 1,61849,R1b,5,0
Table 1,61849,R2a,0,0
Table 1,61849,Rx2b,8,0
Table 1,61849,Rx2a,0,0
Table 1,61849,R2b,2,0
Table 1,61849,R3a,0,0
Table 1,61849,R3b,3,0
Table 1,61849,HoT,11,0
Table 1,61849,Inner_Bay,16,0
Table 1,61849,Outer_Bay,0,0
Table 1,61849,all_SoBI,15,0
Table 1,61849,total_detections,68,0
Table 1,61849,release_Rx1_days,1.65,0.005000000001
Table 1,61849,release_HoT_days,2.18,0.005000000001
Table 1,61849,HoT_inner_days,1.41,0.005000000001
Table 1,61849,HoT_outer_days,NA,0.500000000001
Table 1,61849,HoT_SoBI_days,38.58,0.005000000001
Table 1,61850,fish_id,61850,0
Table 1,61850,fork_length_mm,141,0
Table 1,61850,weight_g,24.1,0.050000000001
Table 1,61850,RP1,0,0
Table 1,61850,all_MM,1,0
Table 1,61850,Rx1,1,0
Table 1,61850,R1a,0,0
Table 1,61850,R1b,0,0
Table 1,61850,R2a,0,0
Table 1,61850,Rx2b,0,0
Table 1,61850,Rx2a,0,0
Table 1,61850,R2b,0,0
Table 1,61850,R3a,1,0
Table 1,61850,R3b,0,0
Table 1,61850,HoT,9,0
Table 1,61850,Inner_Bay,1,0
Table 1,61850,Outer_Bay,4,0
Table 1,61850,all_SoBI,0,0
Table 1,61850,total_detections,17,0
Table 1,61850,release_Rx1_days,1.66,0.005000000001
Table 1,61850,release_HoT_days,2.24,0.005000000001
Table 1,61850,HoT_inner_days,1.54,0.005000000001
Table 1,61850,HoT_outer_days,3.76,0.005000000001
Table 1,61850,HoT_SoBI_days,NA,0.500000000001
Table 1,61851,fish_id,61851,0
Table 1,61851,fork_length_mm,147,0
Table 1,61851,weight_g,21.1,0.050000000001
Table 1,61851,RP1,0,0
Table 1,61851,all_MM,0,0
Table 1,61851,Rx1,1,0
Table 1,61851,R1a,0,0
Table 1,61851,R1b,0,0
Table 1,61851,R2a,1,0
Table 1,61851,Rx2b,0,0
Table 1,61851,Rx2a,0,0
Table 1,61851,R2b,0,0
Table 1,61851,R3a,2,0
Table 1,61851,R3b,0,0
Table 1,61851,HoT,0,0
Table 1,61851,Inner_Bay,0,0
Table 1,61851,Outer_Bay,0,0
Table 1,61851,all_SoBI,0,0
Table 1,61851,total_detections,4,0
Table 1,61851,release_Rx1_days,5.38,0.005000000001
Table 1,61851,release_HoT_days,NA,0.500000000001
Table 1,61851,HoT_inner_days,NA,0.500000000001
Table 1,61851,HoT_outer_days,NA,0.500000000001
Table 1,61851,HoT_SoBI_days,NA,0.500000000001
Table 1,61852,fish_id,61852,0
Table 1,61852,fork_length_mm,138,0
Table 1,61852,weight_g,21.5,0.050000000001
Table 1,61852,RP1,0,0
Table 1,61852,all_MM,3,0
Table 1,61852,Rx1,0,0
Table 1,61852,R1a,0,0
Table 1,61852,R1b,0,0
Table 1,61852,R2a,0,0
Table 1,61852,Rx2b,0,0
Table 1,61852,Rx2a,1,0
Table 1,61852,R2b,0,0
Table 1,61852,R3a,0,0
Table 1,61852,R3b,0,0
Table 1,61852,HoT,75,0
Table 1,61852,Inner_Bay,0,0
Table 1,61852,Outer_Bay,17,0
Table 1,61852,all_SoBI,0,0
Table 1,61852,total_detections,96,0
Table 1,61852,release_Rx1_days,NA,0.500000000001
Table 1,61852,release_HoT_days,1.9,0.005000000001
Table 1,61852,HoT_inner_days,NA,0.500000000001
Table 1,61852,HoT_outer_days,4.92,0.005000000001
Table 1,61852,HoT_SoBI_days,NA,0.500000000001
Table 1,61853,fish_id,61853,0
Table 1,61853,fork_length_mm,141,0
Table 1,61853,weight_g,21.8,0.050000000001
Table 1,61853,RP1,1,0
Table 1,61853,all_MM,3,0
Table 1,61853,Rx1,0,0
Table 1,61853,R1a,0,0
Table 1,61853,R1b,3,0
Table 1,61853,R2a,0,0
Table 1,61853,Rx2b,0,0
Table 1,61853,Rx2a,1,0
Table 1,61853,R2b,0,0
Table 1,61853,R3a,0,0
Table 1,61853,R3b,0,0
Table 1,61853,HoT,57,0
Table 1,61853,Inner_Bay,6,0
Table 1,61853,Outer_Bay,190,0
Table 1,61853,all_SoBI,0,0
Table 1,61853,total_detections,261,0
Table 1,61853,release_Rx1_days,NA,0.500000000001
Table 1,61853,release_HoT_days,5.34,0.005000000001
Table 1,61853,HoT_inner_days,1.33,0.005000000001
Table 1,61853,HoT_outer_days,5.87,0.005000000001
Table 1,61853,HoT_SoBI_days,NA,0.500000000001
Table 1,61854,fish_id,61854,0
Table 1,61854,fork_length_mm,134,0
Table 1,61854,weight_g,20.4,0.050000000001
Table 1,61854,RP1,0,0
Table 1,61854,all_MM,3,0
Table 1,61854,Rx1,0,0
Table 1,61854,R1a,0,0
Table 1,61854,R1b,4,0
Table 1,61854,R2a,0,0
Table 1,61854,Rx2b,1,0
Table 1,61854,Rx2a,0,0
Table 1,61854,R2b,0,0
Table 1,61854,R3a,0,0
Table 1,61854,R3b,1,0
Table 1,61854,HoT,57,0
Table 1,61854,Inner_Bay,27,0
Table 1,61854,Outer_Bay,228,0
Table 1,61854,all_SoBI,0,0
Table 1,61854,total_detections,321,0
Table 1,61854,release_Rx1_days,NA,0.500000000001
Table 1,61854,release_HoT_days,2.29,0.005000000001
Table 1,61854,HoT_inner_days,1.08,0.005000000001
Table 1,61854,HoT_outer_days,3.92,0.005000000001
Table 1,61854,HoT_SoBI_days,NA,0.500000000001
Table 1,61855,fish_id,61855,0
Table 1,61855,fork_length_mm,162,0
Table 1,61855,weight_g,41.2,0.050000000001
Table 1,61855,RP1,0,0
Table 1,61855,all_MM,3,0
Table 1,61855,Rx1,0,0
Table 1,61855,R1a,0,0
Table 1,61855,R1b,0,0
Table 1,61855,R2a,0,0
Table 1,61855,Rx2b,0,0
Table 1,61855,Rx2a,0,0
Table 1,61855,R2b,0,0
Table 1,61855,R3a,2,0
Table 1,61855,R3b,0,0
Table 1,61855,HoT,192,0
Table 1,61855,Inner_Bay,0,0
Table 1,61855,Outer_Bay,11,0
Table 1,61855,all_SoBI,1,0
Table 1,61855,total_detections,209,0
Table 1,61855,release_Rx1_days,NA,0.500000000001
Table 1,61855,release_HoT_days,6.31,0.005000000001
Table 1,61855,HoT_inner_days,NA,0.500000000001
Table 1,61855,HoT_outer_days,4.47,0.005000000001
Table 1,61855,HoT_SoBI_days,32.57,0.005000000001
Table 1,61856,fish_id,61856,0
Table 1,61856,fork_length_mm,147,0
Table 1,61856,weight_g,29.5,0.050000000001
Table 1,61856,RP1,0,0
Table 1,61856,all_MM,3,0
Table 1,61856,Rx1,0,0
Table 1,61856,R1a,0,0
Table 1,61856,R1b,0,0
Table 1,61856,R2a,0,0
Table 1,61856,Rx2b,0,0
Table 1,61856,Rx2a,0,0
Table 1,61856,R2b,0,0
Table 1,61856,R3a,1,0
Table 1,61856,R3b,0,0
Table 1,61856,HoT,7,0
Table 1,61856,Inner_Bay,0,0
Table 1,61856,Outer_Bay,29,0
Table 1,61856,all_SoBI,0,0
Table 1,61856,total_detections,40,0
Table 1,61856,release_Rx1_days,NA,0.500000000001
Table 1,61856,release_HoT_days,2.12,0.005000000001
Table 1,61856,HoT_inner_days,NA,0.500000000001
Table 1,61856,HoT_outer_days,4.91,0.005000000001
Table 1,61856,HoT_SoBI_days,NA,0.500000000001
Table 1,61857,fish_id,61857,0
Table 1,61857,fork_length_mm,147,0
Table 1,61857,weight_g,26,0.500000000001
Table 1,61857,RP1,1,0
Table 1,61857,all_MM,3,0
Table 1,61857,Rx1,0,0
Table 1,61857,R1a,0,0
Table 1,61857,R1b,3,0
Table 1,61857,R2a,0,0
Table 1,61857,Rx2b,2,0
Table 1,61857,Rx2a,0,0
Table 1,61857,R2b,1,0
Table 1,61857,R3a,0,0
Table 1,61857,R3b,0,0
Table 1,61857,HoT,230,0
Table 1,61857,Inner_Bay,11,0
Table 1,61857,Outer_Bay,0,0
Table 1,61857,all_SoBI,0,0
Table 1,61857,total_detections,251,0
Table 1,61857,release_Rx1_days,NA,0.500000000001
Table 1,61857,release_HoT_days,2.27,0.005000000001
Table 1,61857,HoT_inner_days,9.33,0.005000000001
Table 1,61857,HoT_outer_days,NA,0.500000000001
Table 1,61857,HoT_SoBI_days,NA,0.500000000001
Table 1,61858,fish_id,61858,0
Table 1,61858,fork_length_mm,135,0
Table 1,61858,weight_g,19.3,0.050000000001
Table 1,61858,RP1,0,0
Table 1,61858,all_MM,0,0
Table 1,61858,Rx1,0,0
Table 1,61858,R1a,0,0
Table 1,61858,R1b,0,0
Table 1,61858,R2a,0,0
Table 1,61858,Rx2b,0,0
Table 1,61858,Rx2a,0,0
Table 1,61858,R2b,0,0
Table 1,61858,R3a,0,0
Table 1,61858,R3b,0,0
Table 1,61858,HoT,5,0
Table 1,61858,Inner_Bay,0,0
Table 1,61858,Outer_Bay,26,0
Table 1,61858,all_SoBI,0,0
Table 1,61858,total_detections,31,0
Table 1,61858,release_Rx1_days,NA,0.500000000001
Table 1,61858,release_HoT_days,2.86,0.005000000001
Table 1,61858,HoT_inner_days,NA,0.500000000001
Table 1,61858,HoT_outer_days,5.47,0.005000000001
Table 1,61858,HoT_SoBI_days,NA,0.500000000001
Table 1,61859,fish_id,61859,0
Table 1,61859,fork_length_mm,160,0
Table 1,61859,weight_g,37.3,0.050000000001
Table 1,61859,RP1,0,0
Table 1,61859,all_MM,5,0
Table 1,61859,Rx1,0,0
Table 1,61859,R1a,0,0
Table 1,61859,R1b,0,0
Table 1,61859,R2a,0,0
Table 1,61859,Rx2b,0,0
Table 1,61859,Rx2a,0,0
Table 1,61859,R2b,0,0
Table 1,61859,R3a,0,0
Table 1,61859,R3b,0,0
Table 1,61859,HoT,9,0
Table 1,61859,Inner_Bay,2,0
Table 1,61859,Outer_Bay,19,0
Table 1,61859,all_SoBI,0,0
Table 1,61859,total_detections,35,0
Table 1,61859,release_Rx1_days,NA,0.500000000001
Table 1,61859,release_HoT_days,2.24,0.005000000001
Table 1,61859,HoT_inner_days,1.38,0.005000000001
Table 1,61859,HoT_outer_days,4,0.005000000001
Table 1,61859,HoT_SoBI_days,NA,0.500000000001
Table 1,61860,fish_id,61860,0
Table 1,61860,fork_length_mm,155,0
Table 1,61860,weight_g,31.3,0.050000000001
Table 1,61860,RP1,0,0
Table 1,61860,all_MM,0,0
Table 1,61860,Rx1,0,0
Table 1,61860,R1a,0,0
Table 1,61860,R1b,0,0
Table 1,61860,R2a,0,0
Table 1,61860,Rx2b,0,0
Table 1,61860,Rx2a,0,0
Table 1,61860,R2b,0,0
Table 1,61860,R3a,0,0
Table 1,61860,R3b,0,0
Table 1,61860,HoT,144,0
Table 1,61860,Inner_Bay,23,0
Table 1,61860,Outer_Bay,52,0
Table 1,61860,all_SoBI,0,0
Table 1,61860,total_detections,219,0
Table 1,61860,release_Rx1_days,NA,0.500000000001
Table 1,61860,release_HoT_days,7.35,0.005000000001
Table 1,61860,HoT_inner_days,1.52,0.005000000001
Table 1,61860,HoT_outer_days,6.89,0.005000000001
Table 1,61860,HoT_SoBI_days,NA,0.500000000001
Table 1,61861,fish_id,61861,0
Table 1,61861,fork_length_mm,140,0
Table 1,61861,weight_g,24.2,0.050000000001
Table 1,61861,RP1,0,0
Table 1,61861,all_MM,0,0
Table 1,61861,Rx1,0,0
Table 1,61861,R1a,0,0
Table 1,61861,R1b,0,0
Table 1,61861,R2a,0,0
Table 1,61861,Rx2b,1,0
Table 1,61861,Rx2a,0,0
Table 1,61861,R2b,0,0
Table 1,61861,R3a,0,0
Table 1,61861,R3b,0,0
Table 1,61861,HoT,22,0
Table 1,61861,Inner_Bay,12,0
Table 1,61861,Outer_Bay,12,0
Table 1,61861,all_SoBI,17,0
Table 1,61861,total_detections,64,0
Table 1,61861,release_Rx1_days,NA,0.500000000001
Table 1,61861,release_HoT_days,2.25,0.005000000001
Table 1,61861,HoT_inner_days,1.01,0.005000000001
Table 1,61861,HoT_outer_days,4.92,0.005000000001
Table 1,61861,HoT_SoBI_days,53.3,0.005000000001
Table 1,61870,fish_id,61870,0
Table 1,61870,fork_length_mm,145,0
Table 1,61870,weight_g,25.3,0.050000000001
Table 1,61870,RP1,0,0
Table 1,61870,all_MM,3,0
Table 1,61870,Rx1,0,0
Table 1,61870,R1a,0,0
Table 1,61870,R1b,0,0
Table 1,61870,R2a,0,0
Table 1,61870,Rx2b,1,0
Table 1,61870,Rx2a,0,0
Table 1,61870,R2b,0,0
Table 1,61870,R3a,0,0
Table 1,61870,R3b,0,0
Table 1,61870,HoT,7,0
Table 1,61870,Inner_Bay,11,0
Table 1,61870,Outer_Bay,0,0
Table 1,61870,all_SoBI,0,0
Table 1,61870,total_detections,22,0
Table 1,61870,release_Rx1_days,NA,0.500000000001
Table 1,61870,release_HoT_days,2.77,0.005000000001
Table 1,61870,HoT_inner_days,0.82,0.005000000001
Table 1,61870,HoT_outer_days,NA,0.500000000001
Table 1,61870,HoT_SoBI_days,NA,0.500000000001
Table 1,61898,fish_id,61898,0
Table 1,61898,fork_length_mm,149,0
Table 1,61898,weight_g,27.8,0.050000000001
Table 1,61898,RP1,2,0
Table 1,61898,all_MM,10,0
Table 1,61898,Rx1,2,0
Table 1,61898,R1a,0,0
Table 1,61898,R1b,8,0
Table 1,61898,R2a,0,0
Table 1,61898,Rx2b,217,0
Table 1,61898,Rx2a,0,0
Table 1,61898,R2b,2,0
Table 1,61898,R3a,0,0
Table 1,61898,R3b,1,0
Table 1,61898,HoT,11,0
Table 1,61898,Inner_Bay,1,0
Table 1,61898,Outer_Bay,311,0
Table 1,61898,all_SoBI,0,0
Table 1,61898,total_detections,565,0
Table 1,61898,release_Rx1_days,1.42,0.005000000001
Table 1,61898,release_HoT_days,3.9,0.005000000001
Table 1,61898,HoT_inner_days,1.74,0.005000000001
Table 1,61898,HoT_outer_days,6.29,0.005000000001
Table 1,61898,HoT_SoBI_days,NA,0.500000000001
Table 1,61899,fish_id,61899,0
Table 1,61899,fork_length_mm,141,0
Table 1,61899,weight_g,23.9,0.050000000001
Table 1,61899,RP1,1,0
Table 1,61899,all_MM,11,0
Table 1,61899,Rx1,2,0
Table 1,61899,R1a,0,0
Table 1,61899,R1b,0,0
Table 1,61899,R2a,0,0
Table 1,61899,Rx2b,0,0
Table 1,61899,Rx2a,0,0
Table 1,61899,R2b,0,0
Table 1,61899,R3a,1,0
Table 1,61899,R3b,0,0
Table 1,61899,HoT,581,0
Table 1,61899,Inner_Bay,14,0
Table 1,61899,Outer_Bay,2,0
Table 1,61899,all_SoBI,6,0
Table 1,61899,total_detections,618,0
Table 1,61899,release_Rx1_days,2.37,0.005000000001
Table 1,61899,release_HoT_days,7.77,0.005000000001
Table 1,61899,HoT_inner_days,1.03,0.005000000001
Table 1,61899,HoT_outer_days,4.53,0.005000000001
Table 1,61899,HoT_SoBI_days,31.21,0.005000000001
Table 1,61900,fish_id,61900,0
Table 1,61900,fork_length_mm,160,0
Table 1,61900,weight_g,36.7,0.050000000001
Table 1,61900,RP1,1,0
Table 1,61900,all_MM,11,0
Table 1,61900,Rx1,828,0
Table 1,61900,R1a,0,0
Table 1,61900,R1b,0,0
Table 1,61900,R2a,0,0
Table 1,61900,Rx2b,0,0
Table 1,61900,Rx2a,0,0
Table 1,61900,R2b,0,0
Table 1,61900,R3a,1,0
Table 1,61900,R3b,0,0
Table 1,61900,HoT,20,0
Table 1,61900,Inner_Bay,10,0
Table 1,61900,Outer_Bay,2,0
Table 1,61900,all_SoBI,10,0
Table 1,61900,total_detections,883,0
Table 1,61900,release_Rx1_days,1.41,0.005000000001
Table 1,61900,release_HoT_days,2.38,0.005000000001
Table 1,61900,HoT_inner_days,1.33,0.005000000001
Table 1,61900,HoT_outer_days,3.73,0.005000000001
Table 1,61900,HoT_SoBI_days,33.48,0.005000000001
Table 1,61901,fish_id,61901,0
Table 1,61901,fork_length_mm,141,0
Table 1,61901,weight_g,23.2,0.050000000001
Table 1,61901,RP1,0,0
Table 1,61901,all_MM,4,0
Table 1,61901,Rx1,1,0
Table 1,61901,R1a,0,0
Table 1,61901,R1b,0,0
Table 1,61901,R2a,0,0
Table 1,61901,Rx2b,0,0
Table 1,61901,Rx2a,0,0
Table 1,61901,R2b,0,0
Table 1,61901,R3a,2,0
Table 1,61901,R3b,0,0
Table 1,61901,HoT,1,0
Table 1,61901,Inner_Bay,7,0
Table 1,61901,Outer_Bay,16,0
Table 1,61901,all_SoBI,1,0
Table 1,61901,total_detections,32,0
Table 1,61901,release_Rx1_days,2.17,0.005000000001
Table 1,61901,release_HoT_days,3.54,0.005000000001
Table 1,61901,HoT_inner_days,1.97,0.005000000001
Table 1,61901,HoT_outer_days,4.46,0.005000000001
Table 1,61901,HoT_SoBI_days,36.32,0.005000000001
Table 1,61902,fish_id,61902,0
Table 1,61902,fork_length_mm,139,0
Table 1,61902,weight_g,23.3,0.050000000001
Table 1,61902,RP1,1,0
Table 1,61902,all_MM,13,0
Table 1,61902,Rx1,3,0
Table 1,61902,R1a,0,0
Table 1,61902,R1b,0,0
Table 1,61902,R2a,0,0
Table 1,61902,Rx2b,0,0
Table 1,61902,Rx2a,0,0
Table 1,61902,R2b,0,0
Table 1,61902,R3a,1,0
Table 1,61902,R3b,0,0
Table 1,61902,HoT,23,0
Table 1,61902,Inner_Bay,2,0
Table 1,61902,Outer_Bay,9,0
Table 1,61902,all_SoBI,6,0
Table 1,61902,total_detections,58,0
Table 1,61902,release_Rx1_days,1.38,0.005000000001
Table 1,61902,release_HoT_days,2.42,0.005000000001
Table 1,61902,HoT_inner_days,1.11,0.005000000001
Table 1,61902,HoT_outer_days,3.3,0.005000000001
Table 1,61902,HoT_SoBI_days,39.73,0.005000000001
Table 1,61903,fish_id,61903,0
Table 1,61903,fork_length_mm,148,0
Table 1,61903,weight_g,23.7,0.050000000001
Table 1,61903,RP1,1,0
Table 1,61903,all_MM,1,0
Table 1,61903,Rx1,0,0
Table 1,61903,R1a,0,0
Table 1,61903,R1b,0,0
Table 1,61903,R2a,0,0
Table 1,61903,Rx2b,0,0
Table 1,61903,Rx2a,3,0
Table 1,61903,R2b,0,0
Table 1,61903,R3a,2,0
Table 1,61903,R3b,0,0
Table 1,61903,HoT,14,0
Table 1,61903,Inner_Bay,0,0
Table 1,61903,Outer_Bay,23,0
Table 1,61903,all_SoBI,2,0
Table 1,61903,total_detections,46,0
Table 1,61903,release_Rx1_days,NA,0.500000000001
Table 1,61903,release_HoT_days,3.9,0.005000000001
Table 1,61903,HoT_inner_days,NA,0.500000000001
Table 1,61903,HoT_outer_days,5.27,0.005000000001
Table 1,61903,HoT_SoBI_days,35.97,0.005000000001
Table 1,61904,fish_id,61904,0
Table 1,61904,fork_length_mm,137,0
Table 1,61904,weight_g,22,0.500000000001
Table 1,61904,RP1,0,0
Table 1,61904,all_MM,12,0
Table 1,61904,Rx1,194,0
Table 1,61904,R1a,0,0
Table 1,61904,R1b,0,0
Table 1,61904,R2a,2,0
Table 1,61904,Rx2b,0,0
Table 1,61904,Rx2a,0,0
Table 1,61904,R2b,0,0
Table 1,61904,R3a,5,0
Table 1,61904,R3b,0,0
Table 1,61904,HoT,50,0
Table 1,61904,Inner_Bay,1,0
Table 1,61904,Outer_Bay,9,0
Table 1,61904,all_SoBI,26,0
Table 1,61904,total_detections,299,0
Table 1,61904,release_Rx1_days,2.28,0.005000000001
Table 1,61904,release_HoT_days,3.7,0.005000000001
Table 1,61904,HoT_inner_days,0.71,0.005000000001
Table 1,61904,HoT_outer_days,3.24,0.005000000001
Table 1,61904,HoT_SoBI_days,34.71,0.005000000001
Table 1,61905,fish_id,61905,0
Table 1,61905,fork_length_mm,141,0
Table 1,61905,weight_g,22,0.500000000001
Table 1,61905,RP1,1,0
Table 1,61905,all_MM,12,0
Table 1,61905,Rx1,0,0
Table 1,61905,R1a,0,0
Table 1,61905,R1b,0,0
Table 1,61905,R2a,0,0
Table 1,61905,Rx2b,0,0
Table 1,61905,Rx2a,0,0
Table 1,61905,R2b,0,0
Table 1,61905,R3a,3,0
Table 1,61905,R3b,0,0
Table 1,61905,HoT,7,0
Table 1,61905,Inner_Bay,4,0
Table 1,61905,Outer_Bay,9,0
Table 1,61905,all_SoBI,2,0
Table 1,61905,total_detections,38,0
Table 1,61905,release_Rx1_days,NA,0.500000000001
Table 1,61905,release_HoT_days,3.47,0.005000000001
Table 1,61905,HoT_inner_days,1.02,0.005000000001
Table 1,61905,HoT_outer_days,3.69,0.005000000001
Table 1,61905,HoT_SoBI_days,37.95,0.005000000001
Table 1,61906,fish_id,61906,0
Table 1,61906,fork_length_mm,140,0
Table 1,61906,weight_g,24.2,0.050000000001
Table 1,61906,RP1,1,0
Table 1,61906,all_MM,2,0
Table 1,61906,Rx1,2,0
Table 1,61906,R1a,0,0
Table 1,61906,R1b,0,0
Table 1,61906,R2a,0,0
Table 1,61906,Rx2b,0,0
Table 1,61906,Rx2a,2,0
Table 1,61906,R2b,0,0
Table 1,61906,R3a,2,0
Table 1,61906,R3b,0,0
Table 1,61906,HoT,9,0
Table 1,61906,Inner_Bay,2,0
Table 1,61906,Outer_Bay,3,0
Table 1,61906,all_SoBI,3,0
Table 1,61906,total_detections,26,0
Table 1,61906,release_Rx1_days,2.2,0.005000000001
Table 1,61906,release_HoT_days,3.6,0.005000000001
Table 1,61906,HoT_inner_days,1.83,0.005000000001
Table 1,61906,HoT_outer_days,3.99,0.005000000001
Table 1,61906,HoT_SoBI_days,37.13,0.005000000001
Table 1,61907,fish_id,61907,0
Table 1,61907,fork_length_mm,146,0
Table 1,61907,weight_g,26.9,0.050000000001
Table 1,61907,RP1,0,0
Table 1,61907,all_MM,4,0
Table 1,61907,Rx1,2,0
Table 1,61907,R1a,0,0
Table 1,61907,R1b,0,0
Table 1,61907,R2a,0,0
Table 1,61907,Rx2b,0,0
Table 1,61907,Rx2a,0,0
Table 1,61907,R2b,0,0
Table 1,61907,R3a,2,0
Table 1,61907,R3b,0,0
Table 1,61907,HoT,9,0
Table 1,61907,Inner_Bay,6,0
Table 1,61907,Outer_Bay,7,0
Table 1,61907,all_SoBI,7,0
Table 1,61907,total_detections,37,0
Table 1,61907,release_Rx1_days,2.18,0.005000000001
Table 1,61907,release_HoT_days,3.05,0.005000000001
Table 1,61907,HoT_inner_days,0.97,0.005000000001
Table 1,61907,HoT_outer_days,3.45,0.005000000001
Table 1,61907,HoT_SoBI_days,35.99,0.005000000001
Table 1,61908,fish_id,61908,0
Table 1,61908,fork_length_mm,145,0
Table 1,61908,weight_g,25.2,0.050000000001
Table 1,61908,RP1,0,0
Table 1,61908,all_MM,14,0
Table 1,61908,Rx1,3,0
Table 1,61908,R1a,0,0
Table 1,61908,R1b,6,0
Table 1,61908,R2a,0,0
Table 1,61908,Rx2b,10,0
Table 1,61908,Rx2a,0,0
Table 1,61908,R2b,2,0
Table 1,61908,R3a,0,0
Table 1,61908,R3b,5,0
Table 1,61908,HoT,735,0
Table 1,61908,Inner_Bay,3,0
Table 1,61908,Outer_Bay,16,0
Table 1,61908,all_SoBI,8,0
Table 1,61908,total_detections,802,0
Table 1,61908,release_Rx1_days,1.42,0.005000000001
Table 1,61908,release_HoT_days,2.56,0.005000000001
Table 1,61908,HoT_inner_days,1.64,0.005000000001
Table 1,61908,HoT_outer_days,4.04,0.005000000001
Table 1,61908,HoT_SoBI_days,32.32,0.005000000001
Table 1,61909,fish_id,61909,0
Table 1,61909,fork_length_mm,152,0
Table 1,61909,weight_g,31.5,0.050000000001
Table 1,61909,RP1,1,0
Table 1,61909,all_MM,2,0
Table 1,61909,Rx1,0,0
Table 1,61909,R1a,0,0
Table 1,61909,R1b,0,0
Table 1,61909,R2a,0,0
Table 1,61909,Rx2b,0,0
Table 1,61909,Rx2a,1,0
Table 1,61909,R2b,0,0
Table 1,61909,R3a,1,0
Table 1,61909,R3b,0,0
Table 1,61909,HoT,411,0
Table 1,61909,Inner_Bay,2,0
Table 1,61909,Outer_Bay,28,0
Table 1,61909,all_SoBI,5,0
Table 1,61909,total_detections,451,0
Table 1,61909,release_Rx1_days,NA,0.500000000001
Table 1,61909,release_HoT_days,3.72,0.005000000001
Table 1,61909,HoT_inner_days,1.84,0.005000000001
Table 1,61909,HoT_outer_days,7.04,0.005000000001
Table 1,61909,HoT_SoBI_days,36.5,0.005000000001
Table 1,Mean,RP1,1,0.050000000001
Table 1,Mean,all_MM,7.2,0.050000000001
Table 1,Mean,Rx1,51.6,0.050000000001
Table 1,Mean,R1a,4,0.050000000001
Table 1,Mean,R1b,3.9,0.050000000001
Table 1,Mean,R2a,1.5,0.050000000001
Table 1,Mean,Rx2b,26.1,0.050000000001
Table 1,Mean,Rx2a,1.7,0.050000000001
Table 1,Mean,R2b,1.4,0.050000000001
Table 1,Mean,R3a,1.7,0.050000000001
Table 1,Mean,R3b,5.1,0.050000000001
Table 1,Mean,HoT,121.9,0.050000000001
Table 1,Mean,Inner_Bay,11.8,0.050000000001
Table 1,Mean,Outer_Bay,40.8,0.050000000001
Table 1,Mean,all_SoBI,9.3,0.050000000001
Table 1,Mean,total_detections,216.6,0.050000000001
Table 1,Mean,release_Rx1_days,2.14,0.005000000001
Table 1,Mean,release_HoT_days,3.98,0.005000000001
Table 1,Mean,HoT_inner_days,1.52,0.005000000001
Table 1,Mean,HoT_outer_days,4.79,0.005000000001
Table 1,Mean,HoT_SoBI_days,35.28,0.005000000001
Table 1,SD,RP1,0.2,0.050000000001
Table 1,SD,all_MM,5.7,0.050000000001
Table 1,SD,Rx1,170.6,0.050000000001
Table 1,SD,R1a,NA,0.500000000001
Table 1,SD,R1b,2.7,0.050000000001
Table 1,SD,R2a,0.7,0.050000000001
Table 1,SD,Rx2b,61.7,0.050000000001
Table 1,SD,Rx2a,1,0.050000000001
Table 1,SD,R2b,0.5,0.050000000001
Table 1,SD,R3a,1,0.050000000001
Table 1,SD,R3b,8.7,0.050000000001
Table 1,SD,HoT,207.9,0.050000000001
Table 1,SD,Inner_Bay,20.2,0.050000000001
Table 1,SD,Outer_Bay,68.9,0.050000000001
Table 1,SD,all_SoBI,12.6,0.050000000001
Table 1,SD,total_detections,244.5,0.050000000001
Table 1,SD,release_Rx1_days,0.93,0.005000000001
Table 1,SD,release_HoT_days,1.83,0.005000000001
Table 1,SD,HoT_inner_days,1.47,0.005000000001
Table 1,SD,HoT_outer_days,1.55,0.005000000001
Table 1,SD,HoT_SoBI_days,4.61,0.005000000001
Table 2,2003,marked,1706,0
Table 2,2003,Moses,17,0
Table 2,2003,Butters,2,0
Table 2,2003,conditional_Moses_percent,89.5,0.050000000001
Table 2,2003,CI_lower_percent,66.9,0.050000000001
Table 2,2003,CI_upper_percent,98.7,0.050000000001
Table 2,2003,mean_discharge_m3_s,281,0.050000000001
Table 2,2003,discharge_cv,0.692,5.00000001e-4
Table 2,2004,marked,2272,0
Table 2,2004,Moses,6,0
Table 2,2004,Butters,7,0
Table 2,2004,conditional_Moses_percent,46.2,0.050000000001
Table 2,2004,CI_lower_percent,19.2,0.050000000001
Table 2,2004,CI_upper_percent,74.9,0.050000000001
Table 2,2004,mean_discharge_m3_s,192.5,0.050000000001
Table 2,2004,discharge_cv,0.489,5.00000001e-4
Table 2,2005,marked,1620,0
Table 2,2005,Moses,4,0
Table 2,2005,Butters,4,0
Table 2,2005,conditional_Moses_percent,50,0.050000000001
Table 2,2005,CI_lower_percent,15.7,0.050000000001
Table 2,2005,CI_upper_percent,84.3,0.050000000001
Table 2,2005,mean_discharge_m3_s,218.1,0.050000000001
Table 2,2005,discharge_cv,0.471,5.00000001e-4
Table 2,2006,marked,1453,0
Table 2,2006,Moses,3,0
Table 2,2006,Butters,0,0
Table 2,2006,conditional_Moses_percent,100,0.050000000001
Table 2,2006,CI_lower_percent,29.2,0.050000000001
Table 2,2006,CI_upper_percent,100,0.500000000001
Table 2,2006,mean_discharge_m3_s,267.6,0.050000000001
Table 2,2006,discharge_cv,0.494,5.00000001e-4
Table 2,2007,marked,3348,0
Table 2,2007,Moses,5,0
Table 2,2007,Butters,7,0
Table 2,2007,conditional_Moses_percent,41.7,0.050000000001
Table 2,2007,CI_lower_percent,15.2,0.050000000001
Table 2,2007,CI_upper_percent,72.3,0.050000000001
Table 2,2007,mean_discharge_m3_s,319.9,0.050000000001
Table 2,2007,discharge_cv,0.557,5.00000001e-4
Table 2,2008,marked,994,0
Table 2,2008,Moses,11,0
Table 2,2008,Butters,1,0
Table 2,2008,conditional_Moses_percent,91.7,0.050000000001
Table 2,2008,CI_lower_percent,61.5,0.050000000001
Table 2,2008,CI_upper_percent,99.8,0.050000000001
Table 2,2008,mean_discharge_m3_s,304,0.050000000001
Table 2,2008,discharge_cv,0.654,5.00000001e-4
Table 2,2009,marked,2275,0
Table 2,2009,Moses,12,0
Table 2,2009,Butters,3,0
Table 2,2009,conditional_Moses_percent,80,0.050000000001
Table 2,2009,CI_lower_percent,51.9,0.050000000001
Table 2,2009,CI_upper_percent,95.7,0.050000000001
Table 2,2009,mean_discharge_m3_s,373.6,0.050000000001
Table 2,2009,discharge_cv,0.577,5.00000001e-4
Table 2,2010,marked,2000,0
Table 2,2010,Moses,12,0
Table 2,2010,Butters,2,0
Table 2,2010,conditional_Moses_percent,85.7,0.050000000001
Table 2,2010,CI_lower_percent,57.2,0.050000000001
Table 2,2010,CI_upper_percent,98.2,0.050000000001
Table 2,2010,mean_discharge_m3_s,219.2,0.050000000001
Table 2,2010,discharge_cv,0.584,5.00000001e-4
Table 2,2012,marked,2348,0
Table 2,2012,Moses,7,0
Table 2,2012,Butters,9,0
Table 2,2012,conditional_Moses_percent,43.8,0.050000000001
Table 2,2012,CI_lower_percent,19.8,0.050000000001
Table 2,2012,CI_upper_percent,70.1,0.050000000001
Table 2,2012,mean_discharge_m3_s,267.3,0.050000000001
Table 2,2012,discharge_cv,0.438,5.00000001e-4
Table 2,2014,marked,694,0
Table 2,2014,Moses,1,0
Table 2,2014,Butters,0,0
Table 2,2014,conditional_Moses_percent,100,0.050000000001
Table 2,2014,CI_lower_percent,2.5,0.050000000001
Table 2,2014,CI_upper_percent,100,0.050000000001
Table 2,2014,mean_discharge_m3_s,454.8,0.050000000001
Table 2,2014,discharge_cv,0.566,5.00000001e-4
Table 2,2016,marked,1299,0
Table 2,2016,Moses,3,0
Table 2,2016,Butters,4,0
Table 2,2016,conditional_Moses_percent,42.9,0.050000000001
Table 2,2016,CI_lower_percent,9.9,0.050000000001
Table 2,2016,CI_upper_percent,81.6,0.050000000001
Table 2,2016,mean_discharge_m3_s,388.7,0.050000000001
Table 2,2016,discharge_cv,0.496,5.00000001e-4
Table 2,2017,marked,996,0
Table 2,2017,Moses,1,0
Table 2,2017,Butters,1,0
Table 2,2017,conditional_Moses_percent,50,0.050000000001
Table 2,2017,CI_lower_percent,1.3,0.050000000001
Table 2,2017,CI_upper_percent,98.7,0.050000000001
Table 2,2017,mean_discharge_m3_s,209.2,0.050000000001
Table 2,2017,discharge_cv,0.406,5.00000001e-4
Table 2,2019,marked,669,0
Table 2,2019,Moses,5,0
Table 2,2019,Butters,0,0
Table 2,2019,conditional_Moses_percent,100,0.050000000001
Table 2,2019,CI_lower_percent,47.8,0.050000000001
Table 2,2019,CI_upper_percent,100,0.050000000001
Table 2,2019,mean_discharge_m3_s,421.5,0.050000000001
Table 2,2019,discharge_cv,0.589,5.00000001e-4
Table 2,Total,marked,21674,0
Table 2,Total,Moses,87,0
Table 2,Total,Butters,40,0
Table 2,Total,conditional_Moses_percent,68.5,0.050000000001
Table 2,Total,CI_lower_percent,59.7,0.050000000001
Table 2,Total,CI_upper_percent,76.5,0.050000000001
Table 3,1,receiver_index,1,0
Table 3,1,zone_index,NA,0
Table 3,1,channel_index,NA,0
Table 3,1,detected_fish,23,0
Table 3,2,receiver_index,2,0
Table 3,2,zone_index,NA,0
Table 3,2,channel_index,NA,0
Table 3,2,detected_fish,38,0
Table 3,3,receiver_index,3,0
Table 3,3,zone_index,NA,0
Table 3,3,channel_index,NA,0
Table 3,3,detected_fish,25,0
Table 3,4,receiver_index,4,0
Table 3,4,zone_index,1,0
Table 3,4,channel_index,1,0
Table 3,4,detected_fish,1,0
Table 3,5,receiver_index,5,0
Table 3,5,zone_index,1,0
Table 3,5,channel_index,2,0
Table 3,5,detected_fish,16,0
Table 3,6,receiver_index,6,0
Table 3,6,zone_index,2,0
Table 3,6,channel_index,1,0
Table 3,6,detected_fish,2,0
Table 3,7,receiver_index,7,0
Table 3,7,zone_index,2,0
Table 3,7,channel_index,3,0
Table 3,7,detected_fish,15,0
Table 3,8,receiver_index,8,0
Table 3,8,zone_index,3,0
Table 3,8,channel_index,2,0
Table 3,8,detected_fish,7,0
Table 3,9,receiver_index,9,0
Table 3,9,zone_index,4,0
Table 3,9,channel_index,3,0
Table 3,9,detected_fish,8,0
Table 3,10,receiver_index,10,0
Table 3,10,zone_index,5,0
Table 3,10,channel_index,1,0
Table 3,10,detected_fish,22,0
Table 3,11,receiver_index,11,0
Table 3,11,zone_index,5,0
Table 3,11,channel_index,2,0
Table 3,11,detected_fish,9,0
Table 3,12,receiver_index,12,0
Table 3,12,zone_index,NA,0
Table 3,12,channel_index,NA,0
Table 3,12,detected_fish,44,0
Table B1,p_RP1,mean,0.51,5e-4
Table B1,p_RP1,sd,0.072,5e-4
Table B1,p_RP1,q025,0.369,5e-4
Table B1,p_RP1,q25,0.461,5e-4
Table B1,p_RP1,median,0.51,5e-4
Table B1,p_RP1,q75,0.559,5e-4
Table B1,p_RP1,q975,0.651,5e-4
Table B1,p_MM,mean,0.83,5e-4
Table B1,p_MM,sd,0.054,5e-4
Table B1,p_MM,q025,0.713,5e-4
Table B1,p_MM,q25,0.796,5e-4
Table B1,p_MM,median,0.835,5e-4
Table B1,p_MM,q75,0.869,5e-4
Table B1,p_MM,q975,0.92,5e-4
Table B1,p_Rx1,mean,0.553,5e-4
Table B1,p_Rx1,sd,0.071,5e-4
Table B1,p_Rx1,q025,0.413,5e-4
Table B1,p_Rx1,q25,0.506,5e-4
Table B1,p_Rx1,median,0.554,5e-4
Table B1,p_Rx1,q75,0.601,5e-4
Table B1,p_Rx1,q975,0.689,5e-4
Table B1,p_R1a,mean,0.072,5e-4
Table B1,p_R1a,sd,0.048,5e-4
Table B1,p_R1a,q025,0.009,5e-4
Table B1,p_R1a,q25,0.035,5e-4
Table B1,p_R1a,median,0.062,5e-4
Table B1,p_R1a,q75,0.097,5e-4
Table B1,p_R1a,q975,0.193,5e-4
Table B1,p_R1b,mean,0.81,5e-4
Table B1,p_R1b,sd,0.095,5e-4
Table B1,p_R1b,q025,0.593,5e-4
Table B1,p_R1b,q25,0.752,5e-4
Table B1,p_R1b,median,0.824,5e-4
Table B1,p_R1b,q75,0.881,5e-4
Table B1,p_R1b,q975,0.955,5e-4
Table B1,p_R2a,mean,0.285,5e-4
Table B1,p_R2a,sd,0.22,5e-4
Table B1,p_R2a,q025,0.042,5e-4
Table B1,p_R2a,q25,0.125,5e-4
Table B1,p_R2a,median,0.211,5e-4
Table B1,p_R2a,q75,0.378,5e-4
Table B1,p_R2a,q975,0.872,5e-4
Table B1,p_Rx2b,mean,0.921,5e-4
Table B1,p_Rx2b,sd,0.068,5e-4
Table B1,p_Rx2b,q025,0.746,5e-4
Table B1,p_Rx2b,q25,0.886,5e-4
Table B1,p_Rx2b,median,0.939,5e-4
Table B1,p_Rx2b,q75,0.973,5e-4
Table B1,p_Rx2b,q975,0.997,5e-4
Table B1,p_Rx2a,mean,0.685,5e-4
Table B1,p_Rx2a,sd,0.21,5e-4
Table B1,p_Rx2a,q025,0.256,5e-4
Table B1,p_Rx2a,q25,0.527,5e-4
Table B1,p_Rx2a,median,0.712,5e-4
Table B1,p_Rx2a,q75,0.862,5e-4
Table B1,p_Rx2a,q975,0.986,5e-4
Table B1,p_R2b,mean,0.553,5e-4
Table B1,p_R2b,sd,0.133,5e-4
Table B1,p_R2b,q025,0.309,5e-4
Table B1,p_R2b,q25,0.461,5e-4
Table B1,p_R2b,median,0.549,5e-4
Table B1,p_R2b,q75,0.64,5e-4
Table B1,p_R2b,q975,0.819,5e-4
Table B1,p_R3a,mean,0.78,5e-4
Table B1,p_R3a,sd,0.095,5e-4
Table B1,p_R3a,q025,0.591,5e-4
Table B1,p_R3a,q25,0.715,5e-4
Table B1,p_R3a,median,0.783,5e-4
Table B1,p_R3a,q75,0.846,5e-4
Table B1,p_R3a,q975,0.958,5e-4
Table B1,p_R3b,mean,0.526,5e-4
Table B1,p_R3b,sd,0.124,5e-4
Table B1,p_R3b,q025,0.293,5e-4
Table B1,p_R3b,q25,0.437,5e-4
Table B1,p_R3b,median,0.524,5e-4
Table B1,p_R3b,q75,0.611,5e-4
Table B1,p_R3b,q975,0.773,5e-4
Table B1,p_Rest,mean,0.957,5e-4
Table B1,p_Rest,sd,0.029,5e-4
Table B1,p_Rest,q025,0.887,5e-4
Table B1,p_Rest,q25,0.942,5e-4
Table B1,p_Rest,median,0.964,5e-4
Table B1,p_Rest,q75,0.979,5e-4
Table B1,p_Rest,q975,0.995,5e-4
Table B1,p_Z1a,mean,0.574,5e-4
Table B1,p_Z1a,sd,0.077,5e-4
Table B1,p_Z1a,q025,0.416,5e-4
Table B1,p_Z1a,q25,0.522,5e-4
Table B1,p_Z1a,median,0.577,5e-4
Table B1,p_Z1a,q75,0.626,5e-4
Table B1,p_Z1a,q975,0.717,5e-4
Table B1,p_Z2a,mean,0.471,5e-4
Table B1,p_Z2a,sd,0.243,5e-4
Table B1,p_Z2a,q025,0.067,5e-4
Table B1,p_Z2a,q25,0.255,5e-4
Table B1,p_Z2a,median,0.485,5e-4
Table B1,p_Z2a,q75,0.677,5e-4
Table B1,p_Z2a,q975,0.877,5e-4
Table B1,p_Z2b,mean,0.781,5e-4
Table B1,p_Z2b,sd,0.102,5e-4
Table B1,p_Z2b,q025,0.551,5e-4
Table B1,p_Z2b,q25,0.717,5e-4
Table B1,p_Z2b,median,0.793,5e-4
Table B1,p_Z2b,q75,0.857,5e-4
Table B1,p_Z2b,q975,0.944,5e-4
Table B1,p_dodge,mean,0.362,5e-4
Table B1,p_dodge,sd,0.217,5e-4
Table B1,p_dodge,q025,0.018,5e-4
Table B1,p_dodge,q25,0.177,5e-4
Table B1,p_dodge,median,0.354,5e-4
Table B1,p_dodge,q75,0.537,5e-4
Table B1,p_dodge,q975,0.764,5e-4
Table B1,p_Z3b,mean,0.888,5e-4
Table B1,p_Z3b,sd,0.107,5e-4
Table B1,p_Z3b,q025,0.599,5e-4
Table B1,p_Z3b,q25,0.841,5e-4
Table B1,p_Z3b,median,0.921,5e-4
Table B1,p_Z3b,q75,0.968,5e-4
Table B1,p_Z3b,q975,0.997,5e-4
Table B1,p_Z5b_Z4a,mean,0.081,5e-4
Table B1,p_Z5b_Z4a,sd,0.08,5e-4
Table B1,p_Z5b_Z4a,q025,0.002,5e-4
Table B1,p_Z5b_Z4a,q25,0.023,5e-4
Table B1,p_Z5b_Z4a,median,0.057,5e-4
Table B1,p_Z5b_Z4a,q75,0.113,5e-4
Table B1,p_Z5b_Z4a,q975,0.292,5e-4
Table B1,p_Z5b_Z4ab,mean,0.245,5e-4
Table B1,p_Z5b_Z4ab,sd,0.19,5e-4
Table B1,p_Z5b_Z4ab,q025,0.008,5e-4
Table B1,p_Z5b_Z4ab,q25,0.086,5e-4
Table B1,p_Z5b_Z4ab,median,0.204,5e-4
Table B1,p_Z5b_Z4ab,q75,0.371,5e-4
Table B1,p_Z5b_Z4ab,q975,0.685,5e-4
