fish_id,location_id,first_detection_datetime,last_detection_datetime,detection_count,detected
61690,RP1,2022-05-25T05:36:43-0400,2022-05-25T05:36:43-0400,1,1
61690,all_MM,2022-05-26T01:44:51-0400,2022-05-26T01:51:02-0400,19,1
61690,Rx1,2022-05-26T03:13:44-0400,2022-05-26T16:40:27-0400,203,1
61690,R1a,NA,NA,0,0
61690,R1b,2022-05-26T20:14:54-0400,2022-05-26T20:14:54-0400,1,1
61690,R2a,NA,NA,0,0
61690,Rx2b,NA,NA,0,0
61690,Rx2a,NA,NA,0,0
61690,R2b,NA,NA,0,0
61690,R3a,NA,NA,0,0
61690,R3b,NA,NA,0,0
61690,HoT,2022-05-28T07:20:48-0400,2022-05-28T07:23:58-0400,7,1
61690,Inner_Bay,2022-05-29T08:04:10-0400,2022-05-29T08:06:20-0400,3,1
61690,Outer_Bay,2022-06-01T05:56:14-0400,2022-06-01T06:01:57-0400,9,1
61690,all_SoBI,NA,NA,0,0
61691,RP1,2022-05-25T21:58:03-0400,2022-05-25T21:58:03-0400,1,1
61691,all_MM,2022-05-26T04:02:14-0400,2022-05-26T04:12:16-0400,25,1
61691,Rx1,2022-05-26T06:39:15-0400,2022-05-26T20:15:43-0400,27,1
61691,R1a,NA,NA,0,0
61691,R1b,2022-05-26T20:34:36-0400,2022-05-26T20:34:36-0400,1,1
61691,R2a,NA,NA,0,0
61691,Rx2b,2022-05-26T21:10:57-0400,2022-05-26T21:10:57-0400,1,1
61691,Rx2a,NA,NA,0,0
61691,R2b,NA,NA,0,0
61691,R3a,NA,NA,0,0
61691,R3b,2022-05-26T21:31:38-0400,2022-05-26T21:32:28-0400,2,1
61691,HoT,2022-05-28T16:03:05-0400,2022-05-28T16:09:28-0400,15,1
61691,Inner_Bay,NA,NA,0,0
61691,Outer_Bay,2022-06-03T23:06:35-0400,2022-06-03T23:29:34-0400,27,1
61691,all_SoBI,2022-07-02T08:53:50-0400,2022-07-02T12:07:59-0400,65,1
61692,RP1,2022-05-25T21:18:56-0400,2022-05-25T21:18:56-0400,1,1
61692,all_MM,2022-05-26T03:16:55-0400,2022-05-26T03:22:51-0400,18,1
61692,Rx1,2022-05-26T19:38:13-0400,2022-05-26T19:38:13-0400,1,1
61692,R1a,NA,NA,0,0
61692,R1b,NA,NA,0,0
61692,R2a,NA,NA,0,0
61692,Rx2b,NA,NA,0,0
61692,Rx2a,NA,NA,0,0
61692,R2b,NA,NA,0,0
61692,R3a,2022-05-26T20:59:41-0400,2022-05-26T20:59:41-0400,1,1
61692,R3b,NA,NA,0,0
61692,HoT,2022-05-27T06:29:29-0400,2022-05-27T06:40:07-0400,24,1
61692,Inner_Bay,2022-05-28T17:59:33-0400,2022-05-28T18:02:36-0400,5,1
61692,Outer_Bay,2022-05-30T12:55:14-0400,2022-05-30T12:57:33-0400,5,1
61692,all_SoBI,NA,NA,0,0
61693,RP1,2022-05-25T21:47:44-0400,2022-05-25T21:47:44-0400,1,1
61693,all_MM,2022-05-26T20:29:48-0400,2022-05-26T20:30:34-0400,3,1
61693,Rx1,2022-05-26T21:43:27-0400,2022-05-26T21:43:27-0400,1,1
61693,R1a,NA,NA,0,0
61693,R1b,NA,NA,0,0
61693,R2a,NA,NA,0,0
61693,Rx2b,NA,NA,0,0
61693,Rx2a,NA,NA,0,0
61693,R2b,NA,NA,0,0
61693,R3a,2022-05-26T22:57:11-0400,2022-05-26T22:58:06-0400,2,1
61693,R3b,NA,NA,0,0
61693,HoT,2022-05-28T17:20:45-0400,2022-05-28T17:20:45-0400,1,1
61693,Inner_Bay,NA,NA,0,0
61693,Outer_Bay,NA,NA,0,0
61693,all_SoBI,2022-07-01T06:44:37-0400,2022-07-01T07:39:39-0400,9,1
61834,RP1,2022-05-25T21:18:43-0400,2022-05-25T21:18:43-0400,1,1
61834,all_MM,2022-05-26T03:11:24-0400,2022-05-26T03:16:41-0400,10,1
61834,Rx1,2022-05-26T04:25:11-0400,2022-05-26T04:25:11-0400,1,1
61834,R1a,NA,NA,0,0
61834,R1b,2022-05-26T20:31:36-0400,2022-05-26T20:32:08-0400,2,1
61834,R2a,NA,NA,0,0
61834,Rx2b,2022-05-26T21:10:08-0400,2022-05-26T21:10:08-0400,1,1
61834,Rx2a,NA,NA,0,0
61834,R2b,NA,NA,0,0
61834,R3a,NA,NA,0,0
61834,R3b,NA,NA,0,0
61834,HoT,2022-05-28T08:49:04-0400,2022-05-28T08:54:26-0400,24,1
61834,Inner_Bay,NA,NA,0,0
61834,Outer_Bay,2022-06-02T19:51:07-0400,2022-06-02T19:55:04-0400,3,1
61834,all_SoBI,2022-06-30T04:54:19-0400,2022-06-30T05:33:29-0400,8,1
61835,RP1,NA,NA,0,0
61835,all_MM,2022-05-25T22:56:28-0400,2022-05-25T22:59:35-0400,10,1
61835,Rx1,2022-05-26T00:45:11-0400,2022-05-26T00:47:36-0400,4,1
61835,R1a,NA,NA,0,0
61835,R1b,2022-05-26T01:07:29-0400,2022-05-26T01:12:24-0400,7,1
61835,R2a,NA,NA,0,0
61835,Rx2b,NA,NA,0,0
61835,Rx2a,2022-05-26T01:45:54-0400,2022-05-26T01:50:07-0400,3,1
61835,R2b,NA,NA,0,0
61835,R3a,2022-05-26T02:00:03-0400,2022-05-26T02:01:20-0400,3,1
61835,R3b,NA,NA,0,0
61835,HoT,2022-05-28T15:56:55-0400,2022-05-28T16:02:20-0400,18,1
61835,Inner_Bay,2022-05-29T19:43:16-0400,2022-05-29T19:49:36-0400,9,1
61835,Outer_Bay,2022-06-01T06:56:20-0400,2022-06-05T03:33:30-0400,143,1
61835,all_SoBI,2022-07-04T17:15:46-0400,2022-07-04T17:16:26-0400,2,1
61836,RP1,2022-05-25T22:16:28-0400,2022-05-25T22:16:28-0400,1,1
61836,all_MM,2022-05-26T21:00:09-0400,2022-05-26T21:01:11-0400,3,1
61836,Rx1,NA,NA,0,0
61836,R1a,NA,NA,0,0
61836,R1b,NA,NA,0,0
61836,R2a,NA,NA,0,0
61836,Rx2b,NA,NA,0,0
61836,Rx2a,NA,NA,0,0
61836,R2b,NA,NA,0,0
61836,R3a,2022-05-26T23:37:00-0400,2022-05-26T23:37:00-0400,1,1
61836,R3b,NA,NA,0,0
61836,HoT,2022-05-30T00:02:47-0400,2022-05-31T18:35:18-0400,69,1
61836,Inner_Bay,NA,NA,0,0
61836,Outer_Bay,2022-06-05T12:22:04-0400,2022-06-05T12:39:55-0400,20,1
61836,all_SoBI,2022-07-02T08:16:45-0400,2022-07-02T09:34:28-0400,12,1
61837,RP1,2022-05-26T00:18:11-0400,2022-05-26T00:18:11-0400,1,1
61837,all_MM,2022-05-26T22:24:01-0400,2022-05-26T22:26:31-0400,6,1
61837,Rx1,2022-05-26T23:35:30-0400,2022-05-26T23:35:30-0400,1,1
61837,R1a,NA,NA,0,0
61837,R1b,2022-05-26T23:54:17-0400,2022-05-26T23:55:52-0400,3,1
61837,R2a,NA,NA,0,0
61837,Rx2b,2022-05-27T00:31:40-0400,2022-05-27T00:36:10-0400,4,1
61837,Rx2a,NA,NA,0,0
61837,R2b,2022-05-27T00:44:06-0400,2022-05-27T00:44:06-0400,1,1
61837,R3a,NA,NA,0,0
61837,R3b,2022-05-27T00:52:41-0400,2022-05-27T00:53:31-0400,2,1
61837,HoT,2022-05-28T15:50:58-0400,2022-05-28T15:58:08-0400,13,1
61837,Inner_Bay,2022-05-29T07:55:34-0400,2022-05-29T08:07:39-0400,9,1
61837,Outer_Bay,2022-06-01T07:54:40-0400,2022-06-01T08:00:49-0400,8,1
61837,all_SoBI,2022-07-04T17:54:58-0400,2022-07-04T17:55:54-0400,2,1
61838,RP1,2022-05-25T23:44:30-0400,2022-05-25T23:44:30-0400,1,1
61838,all_MM,2022-05-26T22:25:30-0400,2022-05-26T22:27:21-0400,7,1
61838,Rx1,2022-05-26T23:35:53-0400,2022-05-26T23:35:53-0400,1,1
61838,R1a,NA,NA,0,0
61838,R1b,2022-05-27T00:04:30-0400,2022-05-27T00:10:10-0400,8,1
61838,R2a,NA,NA,0,0
61838,Rx2b,2022-05-27T00:45:19-0400,2022-05-27T03:54:18-0400,9,1
61838,Rx2a,NA,NA,0,0
61838,R2b,NA,NA,0,0
61838,R3a,NA,NA,0,0
61838,R3b,2022-05-27T05:32:33-0400,2022-05-27T14:24:00-0400,28,1
61838,HoT,2022-05-29T03:07:49-0400,2022-05-29T03:21:20-0400,44,1
61838,Inner_Bay,NA,NA,0,0
61838,Outer_Bay,2022-06-02T19:12:28-0400,2022-06-02T19:18:18-0400,8,1
61838,all_SoBI,NA,NA,0,0
61839,RP1,NA,NA,0,0
61839,all_MM,NA,NA,0,0
61839,Rx1,NA,NA,0,0
61839,R1a,2022-05-28T21:51:54-0400,2022-05-28T21:57:26-0400,4,1
61839,R1b,NA,NA,0,0
61839,R2a,NA,NA,0,0
61839,Rx2b,NA,NA,0,0
61839,Rx2a,NA,NA,0,0
61839,R2b,NA,NA,0,0
61839,R3a,2022-05-28T22:47:50-0400,2022-05-28T22:47:50-0400,1,1
61839,R3b,NA,NA,0,0
61839,HoT,2022-05-31T22:29:27-0400,2022-06-01T04:06:43-0400,584,1
61839,Inner_Bay,2022-06-01T18:32:42-0400,2022-06-01T18:37:28-0400,5,1
61839,Outer_Bay,2022-06-05T11:19:18-0400,2022-06-05T11:29:43-0400,14,1
61839,all_SoBI,2022-07-01T14:08:43-0400,2022-07-01T14:10:03-0400,2,1
61840,RP1,NA,NA,0,0
61840,all_MM,2022-05-26T20:46:43-0400,2022-05-26T20:48:22-0400,5,1
61840,Rx1,2022-05-28T10:46:21-0400,2022-05-28T10:46:21-0400,1,1
61840,R1a,NA,NA,0,0
61840,R1b,NA,NA,0,0
61840,R2a,NA,NA,0,0
61840,Rx2b,NA,NA,0,0
61840,Rx2a,NA,NA,0,0
61840,R2b,NA,NA,0,0
61840,R3a,NA,NA,0,0
61840,R3b,NA,NA,0,0
61840,HoT,2022-05-28T16:43:22-0400,2022-05-28T16:47:23-0400,16,1
61840,Inner_Bay,2022-05-29T09:20:04-0400,2022-05-29T14:31:27-0400,36,1
61840,Outer_Bay,NA,NA,0,0
61840,all_SoBI,NA,NA,0,0
61841,RP1,2022-05-25T21:51:43-0400,2022-05-25T21:51:43-0400,1,1
61841,all_MM,2022-05-26T22:05:11-0400,2022-05-26T22:06:25-0400,4,1
61841,Rx1,2022-05-26T23:29:57-0400,2022-05-26T23:29:57-0400,1,1
61841,R1a,NA,NA,0,0
61841,R1b,2022-05-26T23:53:01-0400,2022-05-26T23:53:01-0400,1,1
61841,R2a,NA,NA,0,0
61841,Rx2b,2022-05-27T00:28:22-0400,2022-05-27T00:29:18-0400,2,1
61841,Rx2a,NA,NA,0,0
61841,R2b,2022-05-27T00:39:43-0400,2022-05-27T00:39:43-0400,1,1
61841,R3a,NA,NA,0,0
61841,R3b,2022-05-27T00:48:45-0400,2022-05-27T00:49:29-0400,2,1
61841,HoT,2022-05-30T01:08:41-0400,2022-06-03T06:07:20-0400,445,1
61841,Inner_Bay,2022-06-05T18:21:31-0400,2022-06-05T18:58:20-0400,29,1
61841,Outer_Bay,2022-06-07T23:13:05-0400,2022-06-07T23:25:36-0400,15,1
61841,all_SoBI,2022-07-03T20:35:20-0400,2022-07-04T03:42:37-0400,16,1
61842,RP1,NA,NA,0,0
61842,all_MM,NA,NA,0,0
61842,Rx1,NA,NA,0,0
61842,R1a,NA,NA,0,0
61842,R1b,NA,NA,0,0
61842,R2a,NA,NA,0,0
61842,Rx2b,NA,NA,0,0
61842,Rx2a,NA,NA,0,0
61842,R2b,NA,NA,0,0
61842,R3a,2022-05-31T20:27:42-0400,2022-05-31T20:27:42-0400,1,1
61842,R3b,NA,NA,0,0
61842,HoT,2022-05-31T23:26:52-0400,2022-06-01T06:10:29-0400,90,1
61842,Inner_Bay,2022-06-02T10:32:45-0400,2022-06-02T10:32:45-0400,1,1
61842,Outer_Bay,2022-06-07T08:28:21-0400,2022-06-07T09:05:24-0400,71,1
61842,all_SoBI,2022-07-01T14:21:05-0400,2022-07-01T14:23:54-0400,4,1
61843,RP1,NA,NA,0,0
61843,all_MM,NA,NA,0,0
61843,Rx1,NA,NA,0,0
61843,R1a,NA,NA,0,0
61843,R1b,NA,NA,0,0
61843,R2a,NA,NA,0,0
61843,Rx2b,NA,NA,0,0
61843,Rx2a,2022-05-27T23:08:44-0400,2022-05-27T23:08:44-0400,1,1
61843,R2b,NA,NA,0,0
61843,R3a,NA,NA,0,0
61843,R3b,NA,NA,0,0
61843,HoT,2022-06-03T07:08:24-0400,2022-06-03T07:13:00-0400,16,1
61843,Inner_Bay,2022-06-03T22:11:00-0400,2022-06-04T10:23:36-0400,5,1
61843,Outer_Bay,2022-06-07T08:54:57-0400,2022-06-07T09:32:23-0400,35,1
61843,all_SoBI,2022-07-04T15:30:24-0400,2022-07-04T16:12:33-0400,7,1
61844,RP1,2022-05-26T01:15:50-0400,2022-05-26T01:15:50-0400,1,1
61844,all_MM,2022-05-27T00:21:12-0400,2022-05-27T00:28:11-0400,14,1
61844,Rx1,2022-05-27T02:29:18-0400,2022-05-27T02:30:36-0400,3,1
61844,R1a,NA,NA,0,0
61844,R1b,NA,NA,0,0
61844,R2a,NA,NA,0,0
61844,Rx2b,NA,NA,0,0
61844,Rx2a,NA,NA,0,0
61844,R2b,NA,NA,0,0
61844,R3a,2022-05-27T21:43:51-0400,2022-05-27T21:43:51-0400,1,1
61844,R3b,NA,NA,0,0
61844,HoT,2022-05-31T18:04:50-0400,2022-05-31T18:10:02-0400,19,1
61844,Inner_Bay,2022-06-02T13:15:42-0400,2022-06-02T13:24:41-0400,9,1
61844,Outer_Bay,2022-06-10T21:49:20-0400,2022-06-10T22:05:32-0400,13,1
61844,all_SoBI,NA,NA,0,0
61845,RP1,2022-05-25T03:00:47-0400,2022-05-25T03:00:47-0400,1,1
61845,all_MM,2022-05-25T23:23:54-0400,2022-05-25T23:29:10-0400,9,1
61845,Rx1,2022-05-26T01:31:06-0400,2022-05-26T01:33:11-0400,4,1
61845,R1a,NA,NA,0,0
61845,R1b,2022-05-26T01:48:03-0400,2022-05-26T01:54:05-0400,8,1
61845,R2a,NA,NA,0,0
61845,Rx2b,2022-05-26T04:46:03-0400,2022-05-26T16:06:04-0400,127,1
61845,Rx2a,NA,NA,0,0
61845,R2b,NA,NA,0,0
61845,R3a,NA,NA,0,0
61845,R3b,2022-05-26T20:00:32-0400,2022-05-26T20:01:13-0400,2,1
61845,HoT,2022-05-27T05:43:02-0400,2022-05-27T05:46:13-0400,23,1
61845,Inner_Bay,2022-05-28T10:54:10-0400,2022-05-28T12:57:33-0400,113,1
61845,Outer_Bay,2022-05-30T11:54:54-0400,2022-05-30T12:05:46-0400,14,1
61845,all_SoBI,2022-07-05T11:46:35-0400,2022-07-05T12:28:31-0400,6,1
61846,RP1,NA,NA,0,0
61846,all_MM,2022-05-28T06:35:52-0400,2022-05-28T06:36:31-0400,2,1
61846,Rx1,2022-05-28T07:43:51-0400,2022-05-28T07:43:51-0400,1,1
61846,R1a,NA,NA,0,0
61846,R1b,2022-05-28T08:01:55-0400,2022-05-28T08:01:55-0400,1,1
61846,R2a,NA,NA,0,0
61846,Rx2b,2022-05-28T08:34:10-0400,2022-05-28T08:36:34-0400,4,1
61846,Rx2a,NA,NA,0,0
61846,R2b,2022-05-28T08:45:48-0400,2022-05-28T08:45:48-0400,1,1
61846,R3a,NA,NA,0,0
61846,R3b,NA,NA,0,0
61846,HoT,2022-05-29T01:11:31-0400,2022-05-29T04:11:23-0400,639,1
61846,Inner_Bay,2022-05-30T15:44:22-0400,2022-05-30T15:46:01-0400,2,1
61846,Outer_Bay,2022-06-01T12:53:19-0400,2022-06-01T12:53:19-0400,1,1
61846,all_SoBI,2022-06-29T16:00:09-0400,2022-06-29T16:11:40-0400,7,1
61847,RP1,2022-05-26T03:21:15-0400,2022-05-26T03:21:15-0400,1,1
61847,all_MM,2022-05-28T04:18:44-0400,2022-05-28T04:19:35-0400,2,1
61847,Rx1,NA,NA,0,0
61847,R1a,NA,NA,0,0
61847,R1b,2022-05-28T08:54:47-0400,2022-05-28T08:55:22-0400,2,1
61847,R2a,NA,NA,0,0
61847,Rx2b,2022-05-28T09:38:33-0400,2022-05-28T09:40:41-0400,3,1
61847,Rx2a,NA,NA,0,0
61847,R2b,2022-05-28T10:30:27-0400,2022-05-28T10:30:27-0400,1,1
61847,R3a,NA,NA,0,0
61847,R3b,NA,NA,0,0
61847,HoT,2022-05-28T23:27:25-0400,2022-05-29T02:26:41-0400,611,1
61847,Inner_Bay,NA,NA,0,0
61847,Outer_Bay,2022-06-01T22:45:31-0400,2022-06-06T15:13:52-0400,154,1
61847,all_SoBI,2022-07-04T14:25:31-0400,2022-07-04T14:25:31-0400,1,1
61848,RP1,NA,NA,0,0
61848,all_MM,2022-05-28T03:45:34-0400,2022-05-28T03:48:01-0400,6,1
61848,Rx1,NA,NA,0,0
61848,R1a,NA,NA,0,0
61848,R1b,NA,NA,0,0
61848,R2a,NA,NA,0,0
61848,Rx2b,NA,NA,0,0
61848,Rx2a,NA,NA,0,0
61848,R2b,NA,NA,0,0
61848,R3a,2022-05-28T10:31:04-0400,2022-05-28T10:31:04-0400,1,1
61848,R3b,NA,NA,0,0
61848,HoT,2022-05-28T16:18:49-0400,2022-05-28T16:20:31-0400,10,1
61848,Inner_Bay,2022-05-29T16:35:03-0400,2022-05-29T16:35:45-0400,2,1
61848,Outer_Bay,2022-06-06T23:24:17-0400,2022-06-06T23:43:41-0400,27,1
61848,all_SoBI,NA,NA,0,0
61849,RP1,2022-05-27T22:05:38-0400,2022-05-27T22:05:38-0400,1,1
61849,all_MM,2022-05-28T04:02:56-0400,2022-05-28T04:04:35-0400,6,1
61849,Rx1,2022-05-28T05:40:32-0400,2022-05-28T05:40:32-0400,1,1
61849,R1a,NA,NA,0,0
61849,R1b,2022-05-28T05:58:52-0400,2022-05-28T06:01:44-0400,5,1
61849,R2a,NA,NA,0,0
61849,Rx2b,2022-05-28T06:34:18-0400,2022-05-28T06:39:59-0400,8,1
61849,Rx2a,NA,NA,0,0
61849,R2b,2022-05-28T06:45:41-0400,2022-05-28T06:46:27-0400,2,1
61849,R3a,NA,NA,0,0
61849,R3b,2022-05-28T06:54:41-0400,2022-05-28T06:56:06-0400,3,1
61849,HoT,2022-05-28T18:19:31-0400,2022-05-28T18:24:44-0400,11,1
61849,Inner_Bay,2022-05-30T04:19:07-0400,2022-05-30T04:33:31-0400,16,1
61849,Outer_Bay,NA,NA,0,0
61849,all_SoBI,2022-07-06T08:18:55-0400,2022-07-06T09:01:12-0400,15,1
61850,RP1,NA,NA,0,0
61850,all_MM,2022-05-28T04:42:01-0400,2022-05-28T04:42:01-0400,1,1
61850,Rx1,2022-05-28T05:48:36-0400,2022-05-28T05:48:36-0400,1,1
61850,R1a,NA,NA,0,0
61850,R1b,NA,NA,0,0
61850,R2a,NA,NA,0,0
61850,Rx2b,NA,NA,0,0
61850,Rx2a,NA,NA,0,0
61850,R2b,NA,NA,0,0
61850,R3a,2022-05-28T06:57:44-0400,2022-05-28T06:57:44-0400,1,1
61850,R3b,NA,NA,0,0
61850,HoT,2022-05-28T19:46:16-0400,2022-05-28T19:50:32-0400,9,1
61850,Inner_Bay,2022-05-30T08:50:43-0400,2022-05-30T08:50:43-0400,1,1
61850,Outer_Bay,2022-06-01T14:04:19-0400,2022-06-01T14:06:22-0400,4,1
61850,all_SoBI,NA,NA,0,0
61851,RP1,NA,NA,0,0
61851,all_MM,NA,NA,0,0
61851,Rx1,2022-05-31T23:09:11-0400,2022-05-31T23:09:11-0400,1,1
61851,R1a,NA,NA,0,0
61851,R1b,NA,NA,0,0
61851,R2a,2022-06-04T01:19:07-0400,2022-06-04T01:19:07-0400,1,1
61851,Rx2b,NA,NA,0,0
61851,Rx2a,NA,NA,0,0
61851,R2b,NA,NA,0,0
61851,R3a,2022-06-04T01:48:27-0400,2022-06-04T01:49:08-0400,2,1
61851,R3b,NA,NA,0,0
61851,HoT,NA,NA,0,0
61851,Inner_Bay,NA,NA,0,0
61851,Outer_Bay,NA,NA,0,0
61851,all_SoBI,NA,NA,0,0
61852,RP1,NA,NA,0,0
61852,all_MM,2022-05-28T03:22:30-0400,2022-05-28T03:22:59-0400,3,1
61852,Rx1,NA,NA,0,0
61852,R1a,NA,NA,0,0
61852,R1b,NA,NA,0,0
61852,R2a,NA,NA,0,0
61852,Rx2b,NA,NA,0,0
61852,Rx2a,2022-05-28T05:37:07-0400,2022-05-28T05:37:07-0400,1,1
61852,R2b,NA,NA,0,0
61852,R3a,NA,NA,0,0
61852,R3b,NA,NA,0,0
61852,HoT,2022-05-28T11:31:37-0400,2022-05-28T15:16:31-0400,75,1
61852,Inner_Bay,NA,NA,0,0
61852,Outer_Bay,2022-06-02T13:17:05-0400,2022-06-02T13:35:30-0400,17,1
61852,all_SoBI,NA,NA,0,0
61853,RP1,2022-05-27T21:39:37-0400,2022-05-27T21:39:37-0400,1,1
61853,all_MM,2022-05-28T04:16:13-0400,2022-05-28T04:16:56-0400,3,1
61853,Rx1,NA,NA,0,0
61853,R1a,NA,NA,0,0
61853,R1b,2022-05-28T06:23:09-0400,2022-05-28T06:24:31-0400,3,1
61853,R2a,NA,NA,0,0
61853,Rx2b,NA,NA,0,0
61853,Rx2a,2022-05-28T07:09:22-0400,2022-05-28T07:09:22-0400,1,1
61853,R2b,NA,NA,0,0
61853,R3a,NA,NA,0,0
61853,R3b,NA,NA,0,0
61853,HoT,2022-05-31T22:05:36-0400,2022-06-01T04:12:49-0400,57,1
61853,Inner_Bay,2022-06-02T12:06:27-0400,2022-06-02T12:11:53-0400,6,1
61853,Outer_Bay,2022-06-07T01:04:54-0400,2022-06-07T03:51:16-0400,190,1
61853,all_SoBI,NA,NA,0,0
61854,RP1,NA,NA,0,0
61854,all_MM,2022-05-28T05:03:43-0400,2022-05-28T05:05:17-0400,3,1
61854,Rx1,NA,NA,0,0
61854,R1a,NA,NA,0,0
61854,R1b,2022-05-28T06:45:11-0400,2022-05-28T06:47:00-0400,4,1
61854,R2a,NA,NA,0,0
61854,Rx2b,2022-05-28T07:18:56-0400,2022-05-28T07:18:56-0400,1,1
61854,Rx2a,NA,NA,0,0
61854,R2b,NA,NA,0,0
61854,R3a,NA,NA,0,0
61854,R3b,2022-05-28T07:42:15-0400,2022-05-28T07:42:15-0400,1,1
61854,HoT,2022-05-28T20:54:43-0400,2022-05-28T21:10:28-0400,57,1
61854,Inner_Bay,2022-05-29T23:02:19-0400,2022-05-29T23:56:13-0400,27,1
61854,Outer_Bay,2022-06-01T19:08:34-0400,2022-06-10T14:50:29-0400,228,1
61854,all_SoBI,NA,NA,0,0
61855,RP1,NA,NA,0,0
61855,all_MM,2022-05-27T23:10:07-0400,2022-05-27T23:11:31-0400,3,1
61855,Rx1,NA,NA,0,0
61855,R1a,NA,NA,0,0
61855,R1b,NA,NA,0,0
61855,R2a,NA,NA,0,0
61855,Rx2b,NA,NA,0,0
61855,Rx2a,NA,NA,0,0
61855,R2b,NA,NA,0,0
61855,R3a,2022-05-28T01:23:53-0400,2022-05-28T01:24:29-0400,2,1
61855,R3b,NA,NA,0,0
61855,HoT,2022-06-01T21:23:20-0400,2022-06-02T04:36:15-0400,192,1
61855,Inner_Bay,NA,NA,0,0
61855,Outer_Bay,2022-06-06T15:51:04-0400,2022-06-06T15:59:06-0400,11,1
61855,all_SoBI,2022-07-04T18:13:38-0400,2022-07-04T18:13:38-0400,1,1
61856,RP1,NA,NA,0,0
61856,all_MM,2022-05-28T03:03:10-0400,2022-05-28T03:03:52-0400,3,1
61856,Rx1,NA,NA,0,0
61856,R1a,NA,NA,0,0
61856,R1b,NA,NA,0,0
61856,R2a,NA,NA,0,0
61856,Rx2b,NA,NA,0,0
61856,Rx2a,NA,NA,0,0
61856,R2b,NA,NA,0,0
61856,R3a,2022-05-28T05:29:09-0400,2022-05-28T05:29:09-0400,1,1
61856,R3b,NA,NA,0,0
61856,HoT,2022-05-28T16:49:53-0400,2022-05-28T16:55:17-0400,7,1
61856,Inner_Bay,NA,NA,0,0
61856,Outer_Bay,2022-06-02T14:49:29-0400,2022-06-02T15:14:43-0400,29,1
61856,all_SoBI,NA,NA,0,0
61857,RP1,2022-05-27T21:03:11-0400,2022-05-27T21:03:11-0400,1,1
61857,all_MM,2022-05-28T03:01:21-0400,2022-05-28T03:02:57-0400,3,1
61857,Rx1,NA,NA,0,0
61857,R1a,NA,NA,0,0
61857,R1b,2022-05-28T06:24:06-0400,2022-05-28T06:25:04-0400,3,1
61857,R2a,NA,NA,0,0
61857,Rx2b,2022-05-28T07:10:27-0400,2022-05-28T07:11:19-0400,2,1
61857,Rx2a,NA,NA,0,0
61857,R2b,2022-05-28T07:22:24-0400,2022-05-28T07:22:24-0400,1,1
61857,R3a,NA,NA,0,0
61857,R3b,NA,NA,0,0
61857,HoT,2022-05-28T20:23:48-0400,2022-05-30T16:56:43-0400,230,1
61857,Inner_Bay,2022-06-09T00:50:56-0400,2022-06-09T01:06:58-0400,11,1
61857,Outer_Bay,NA,NA,0,0
61857,all_SoBI,NA,NA,0,0
61858,RP1,NA,NA,0,0
61858,all_MM,NA,NA,0,0
61858,Rx1,NA,NA,0,0
61858,R1a,NA,NA,0,0
61858,R1b,NA,NA,0,0
61858,R2a,NA,NA,0,0
61858,Rx2b,NA,NA,0,0
61858,Rx2a,NA,NA,0,0
61858,R2b,NA,NA,0,0
61858,R3a,NA,NA,0,0
61858,R3b,NA,NA,0,0
61858,HoT,2022-05-29T10:29:15-0400,2022-05-29T10:29:48-0400,5,1
61858,Inner_Bay,NA,NA,0,0
61858,Outer_Bay,2022-06-03T21:51:49-0400,2022-06-03T22:18:29-0400,26,1
61858,all_SoBI,NA,NA,0,0
61859,RP1,NA,NA,0,0
61859,all_MM,2022-05-28T03:35:35-0400,2022-05-28T03:38:27-0400,5,1
61859,Rx1,NA,NA,0,0
61859,R1a,NA,NA,0,0
61859,R1b,NA,NA,0,0
61859,R2a,NA,NA,0,0
61859,Rx2b,NA,NA,0,0
61859,Rx2a,NA,NA,0,0
61859,R2b,NA,NA,0,0
61859,R3a,NA,NA,0,0
61859,R3b,NA,NA,0,0
61859,HoT,2022-05-28T19:48:26-0400,2022-05-28T19:51:06-0400,9,1
61859,Inner_Bay,2022-05-30T05:03:45-0400,2022-05-30T05:04:34-0400,2,1
61859,Outer_Bay,2022-06-01T19:47:43-0400,2022-06-01T20:02:29-0400,19,1
61859,all_SoBI,NA,NA,0,0
61860,RP1,NA,NA,0,0
61860,all_MM,NA,NA,0,0
61860,Rx1,NA,NA,0,0
61860,R1a,NA,NA,0,0
61860,R1b,NA,NA,0,0
61860,R2a,NA,NA,0,0
61860,Rx2b,NA,NA,0,0
61860,Rx2a,NA,NA,0,0
61860,R2b,NA,NA,0,0
61860,R3a,NA,NA,0,0
61860,R3b,NA,NA,0,0
61860,HoT,2022-06-02T22:17:11-0400,2022-06-03T13:27:33-0400,144,1
61860,Inner_Bay,2022-06-05T01:56:15-0400,2022-06-05T02:18:01-0400,23,1
61860,Outer_Bay,2022-06-10T10:45:03-0400,2022-06-10T11:40:07-0400,52,1
61860,all_SoBI,NA,NA,0,0
61861,RP1,NA,NA,0,0
61861,all_MM,NA,NA,0,0
61861,Rx1,NA,NA,0,0
61861,R1a,NA,NA,0,0
61861,R1b,NA,NA,0,0
61861,R2a,NA,NA,0,0
61861,Rx2b,2022-05-28T16:29:45-0400,2022-05-28T16:29:45-0400,1,1
61861,Rx2a,NA,NA,0,0
61861,R2b,NA,NA,0,0
61861,R3a,NA,NA,0,0
61861,R3b,NA,NA,0,0
61861,HoT,2022-05-28T19:58:49-0400,2022-05-28T20:20:20-0400,22,1
61861,Inner_Bay,2022-05-29T20:41:05-0400,2022-05-29T20:48:06-0400,12,1
61861,Outer_Bay,2022-06-02T18:25:39-0400,2022-06-02T18:33:22-0400,12,1
61861,all_SoBI,2022-07-21T03:36:29-0400,2022-07-21T04:03:25-0400,17,1
61870,RP1,NA,NA,0,0
61870,all_MM,2022-05-28T04:44:02-0400,2022-05-28T04:44:35-0400,3,1
61870,Rx1,NA,NA,0,0
61870,R1a,NA,NA,0,0
61870,R1b,NA,NA,0,0
61870,R2a,NA,NA,0,0
61870,Rx2b,2022-05-28T11:57:25-0400,2022-05-28T11:57:25-0400,1,1
61870,Rx2a,NA,NA,0,0
61870,R2b,NA,NA,0,0
61870,R3a,NA,NA,0,0
61870,R3b,NA,NA,0,0
61870,HoT,2022-05-29T08:30:11-0400,2022-05-29T08:34:31-0400,7,1
61870,Inner_Bay,2022-05-30T04:17:40-0400,2022-05-30T04:27:54-0400,11,1
61870,Outer_Bay,NA,NA,0,0
61870,all_SoBI,NA,NA,0,0
61898,RP1,2022-05-25T20:52:04-0400,2022-05-25T20:52:42-0400,2,1
61898,all_MM,2022-05-26T02:53:04-0400,2022-05-26T02:57:15-0400,10,1
61898,Rx1,2022-05-26T04:11:15-0400,2022-05-26T04:11:55-0400,2,1
61898,R1a,NA,NA,0,0
61898,R1b,2022-05-26T04:30:26-0400,2022-05-26T04:37:58-0400,8,1
61898,R2a,NA,NA,0,0
61898,Rx2b,2022-05-26T12:33:44-0400,2022-05-26T16:23:55-0400,217,1
61898,Rx2a,NA,NA,0,0
61898,R2b,2022-05-26T18:51:39-0400,2022-05-26T18:52:09-0400,2,1
61898,R3a,NA,NA,0,0
61898,R3b,2022-05-26T19:32:30-0400,2022-05-26T19:32:30-0400,1,1
61898,HoT,2022-05-28T15:30:09-0400,2022-05-28T15:33:51-0400,11,1
61898,Inner_Bay,2022-05-30T09:13:40-0400,2022-05-30T09:13:40-0400,1,1
61898,Outer_Bay,2022-06-03T22:32:05-0400,2022-06-04T06:41:30-0400,311,1
61898,all_SoBI,NA,NA,0,0
61899,RP1,2022-05-26T03:25:28-0400,2022-05-26T03:25:28-0400,1,1
61899,all_MM,2022-05-27T02:15:46-0400,2022-05-27T02:21:05-0400,11,1
61899,Rx1,2022-05-27T03:34:01-0400,2022-05-27T03:34:46-0400,2,1
61899,R1a,NA,NA,0,0
61899,R1b,NA,NA,0,0
61899,R2a,NA,NA,0,0
61899,Rx2b,NA,NA,0,0
61899,Rx2a,NA,NA,0,0
61899,R2b,NA,NA,0,0
61899,R3a,2022-05-27T20:58:07-0400,2022-05-27T20:58:07-0400,1,1
61899,R3b,NA,NA,0,0
61899,HoT,2022-06-01T13:18:45-0400,2022-06-03T07:49:24-0400,581,1
61899,Inner_Bay,2022-06-04T08:34:14-0400,2022-06-04T08:47:35-0400,14,1
61899,Outer_Bay,2022-06-07T20:26:05-0400,2022-06-07T20:27:02-0400,2,1
61899,all_SoBI,2022-07-04T12:50:40-0400,2022-07-04T13:46:14-0400,6,1
61900,RP1,2022-05-25T21:27:21-0400,2022-05-25T21:27:21-0400,1,1
61900,all_MM,2022-05-26T03:18:02-0400,2022-05-26T03:21:09-0400,11,1
61900,Rx1,2022-05-26T04:40:20-0400,2022-05-26T17:26:45-0400,828,1
61900,R1a,NA,NA,0,0
61900,R1b,NA,NA,0,0
61900,R2a,NA,NA,0,0
61900,Rx2b,NA,NA,0,0
61900,Rx2a,NA,NA,0,0
61900,R2b,NA,NA,0,0
61900,R3a,2022-05-26T21:39:31-0400,2022-05-26T21:39:31-0400,1,1
61900,R3b,NA,NA,0,0
61900,HoT,2022-05-27T03:46:28-0400,2022-05-27T03:49:30-0400,20,1
61900,Inner_Bay,2022-05-28T11:49:12-0400,2022-05-28T12:28:25-0400,10,1
61900,Outer_Bay,2022-05-30T21:24:33-0400,2022-05-30T21:27:13-0400,2,1
61900,all_SoBI,2022-06-29T15:15:25-0400,2022-06-29T15:26:37-0400,10,1
61901,RP1,NA,NA,0,0
61901,all_MM,2022-05-26T21:31:36-0400,2022-05-26T21:32:15-0400,4,1
61901,Rx1,2022-05-26T22:46:12-0400,2022-05-26T22:46:12-0400,1,1
61901,R1a,NA,NA,0,0
61901,R1b,NA,NA,0,0
61901,R2a,NA,NA,0,0
61901,Rx2b,NA,NA,0,0
61901,Rx2a,NA,NA,0,0
61901,R2b,NA,NA,0,0
61901,R3a,2022-05-27T00:08:00-0400,2022-05-27T00:08:42-0400,2,1
61901,R3b,NA,NA,0,0
61901,HoT,2022-05-28T07:38:23-0400,2022-05-28T07:38:23-0400,1,1
61901,Inner_Bay,2022-05-30T06:48:23-0400,2022-05-30T06:52:52-0400,7,1
61901,Outer_Bay,2022-06-01T18:35:30-0400,2022-06-01T18:48:01-0400,16,1
61901,all_SoBI,2022-07-03T15:25:09-0400,2022-07-03T15:25:09-0400,1,1
61902,RP1,2022-05-25T04:29:25-0400,2022-05-25T04:29:25-0400,1,1
61902,all_MM,2022-05-26T02:25:14-0400,2022-05-26T02:32:41-0400,13,1
61902,Rx1,2022-05-26T03:49:17-0400,2022-05-26T03:50:48-0400,3,1
61902,R1a,NA,NA,0,0
61902,R1b,NA,NA,0,0
61902,R2a,NA,NA,0,0
61902,Rx2b,NA,NA,0,0
61902,Rx2a,NA,NA,0,0
61902,R2b,NA,NA,0,0
61902,R3a,2022-05-26T20:34:02-0400,2022-05-26T20:34:02-0400,1,1
61902,R3b,NA,NA,0,0
61902,HoT,2022-05-27T04:44:35-0400,2022-05-27T04:58:39-0400,23,1
61902,Inner_Bay,2022-05-28T07:43:56-0400,2022-05-28T07:44:27-0400,2,1
61902,Outer_Bay,2022-05-30T12:09:46-0400,2022-05-30T12:14:41-0400,9,1
61902,all_SoBI,2022-07-05T22:32:57-0400,2022-07-05T22:41:10-0400,6,1
61903,RP1,2022-05-26T00:28:18-0400,2022-05-26T00:28:18-0400,1,1
61903,all_MM,2022-05-27T22:58:54-0400,2022-05-27T22:58:54-0400,1,1
61903,Rx1,NA,NA,0,0
61903,R1a,NA,NA,0,0
61903,R1b,NA,NA,0,0
61903,R2a,NA,NA,0,0
61903,Rx2b,NA,NA,0,0
61903,Rx2a,2022-05-28T04:01:21-0400,2022-05-28T04:02:57-0400,3,1
61903,R2b,NA,NA,0,0
61903,R3a,2022-05-28T08:20:04-0400,2022-05-28T08:20:49-0400,2,1
61903,R3b,NA,NA,0,0
61903,HoT,2022-05-28T16:26:21-0400,2022-05-28T16:34:46-0400,14,1
61903,Inner_Bay,NA,NA,0,0
61903,Outer_Bay,2022-06-02T22:58:57-0400,2022-06-02T23:15:39-0400,23,1
61903,all_SoBI,2022-07-03T15:49:17-0400,2022-07-03T15:52:28-0400,2,1
61904,RP1,NA,NA,0,0
61904,all_MM,2022-05-26T23:59:42-0400,2022-05-27T00:05:28-0400,12,1
61904,Rx1,2022-05-27T01:29:10-0400,2022-05-27T04:34:19-0400,194,1
61904,R1a,NA,NA,0,0
61904,R1b,NA,NA,0,0
61904,R2a,2022-05-27T05:49:43-0400,2022-05-27T05:50:29-0400,2,1
61904,Rx2b,NA,NA,0,0
61904,Rx2a,NA,NA,0,0
61904,R2b,NA,NA,0,0
61904,R3a,2022-05-27T06:25:45-0400,2022-05-27T06:28:30-0400,5,1
61904,R3b,NA,NA,0,0
61904,HoT,2022-05-28T11:27:48-0400,2022-05-28T15:34:53-0400,50,1
61904,Inner_Bay,2022-05-29T08:32:25-0400,2022-05-29T08:32:25-0400,1,1
61904,Outer_Bay,2022-05-31T21:20:56-0400,2022-05-31T21:26:58-0400,9,1
61904,all_SoBI,2022-07-02T08:41:49-0400,2022-07-02T10:11:48-0400,26,1
61905,RP1,2022-05-25T21:04:40-0400,2022-05-25T21:04:40-0400,1,1
61905,all_MM,2022-05-26T03:32:41-0400,2022-05-26T03:38:13-0400,12,1
61905,Rx1,NA,NA,0,0
61905,R1a,NA,NA,0,0
61905,R1b,NA,NA,0,0
61905,R2a,NA,NA,0,0
61905,Rx2b,NA,NA,0,0
61905,Rx2a,NA,NA,0,0
61905,R2b,NA,NA,0,0
61905,R3a,2022-05-26T22:00:38-0400,2022-05-26T22:01:35-0400,3,1
61905,R3b,NA,NA,0,0
61905,HoT,2022-05-28T06:06:26-0400,2022-05-28T06:07:25-0400,7,1
61905,Inner_Bay,2022-05-29T06:32:28-0400,2022-05-29T06:35:02-0400,4,1
61905,Outer_Bay,2022-05-31T22:41:10-0400,2022-05-31T22:47:48-0400,9,1
61905,all_SoBI,2022-07-05T04:57:52-0400,2022-07-05T04:58:26-0400,2,1
61906,RP1,2022-05-26T00:02:52-0400,2022-05-26T00:02:52-0400,1,1
61906,all_MM,2022-05-26T21:24:48-0400,2022-05-26T21:25:38-0400,2,1
61906,Rx1,2022-05-26T22:41:18-0400,2022-05-26T22:41:52-0400,2,1
61906,R1a,NA,NA,0,0
61906,R1b,NA,NA,0,0
61906,R2a,NA,NA,0,0
61906,Rx2b,NA,NA,0,0
61906,Rx2a,2022-05-27T01:44:18-0400,2022-05-27T01:45:41-0400,2,1
61906,R2b,NA,NA,0,0
61906,R3a,2022-05-27T01:58:42-0400,2022-05-27T01:59:23-0400,2,1
61906,R3b,NA,NA,0,0
61906,HoT,2022-05-28T08:18:12-0400,2022-05-28T08:34:39-0400,9,1
61906,Inner_Bay,2022-05-30T04:33:42-0400,2022-05-30T04:34:17-0400,2,1
61906,Outer_Bay,2022-06-01T08:13:39-0400,2022-06-01T08:15:29-0400,3,1
61906,all_SoBI,2022-07-04T11:36:17-0400,2022-07-04T12:31:31-0400,3,1
61907,RP1,NA,NA,0,0
61907,all_MM,2022-05-26T20:33:25-0400,2022-05-26T20:34:19-0400,4,1
61907,Rx1,2022-05-26T21:41:48-0400,2022-05-26T21:42:22-0400,2,1
61907,R1a,NA,NA,0,0
61907,R1b,NA,NA,0,0
61907,R2a,NA,NA,0,0
61907,Rx2b,NA,NA,0,0
61907,Rx2a,NA,NA,0,0
61907,R2b,NA,NA,0,0
61907,R3a,2022-05-26T22:46:34-0400,2022-05-26T22:47:27-0400,2,1
61907,R3b,NA,NA,0,0
61907,HoT,2022-05-27T18:32:16-0400,2022-05-27T18:45:18-0400,9,1
61907,Inner_Bay,2022-05-28T18:07:27-0400,2022-05-28T18:11:21-0400,6,1
61907,Outer_Bay,2022-05-31T05:39:20-0400,2022-05-31T05:45:08-0400,7,1
61907,all_SoBI,2022-07-02T18:37:58-0400,2022-07-02T19:33:34-0400,7,1
61908,RP1,NA,NA,0,0
61908,all_MM,2022-05-26T02:12:52-0400,2022-05-26T02:18:38-0400,14,1
61908,Rx1,2022-05-26T03:22:58-0400,2022-05-26T03:26:09-0400,3,1
61908,R1a,NA,NA,0,0
61908,R1b,2022-05-26T03:39:54-0400,2022-05-26T03:46:47-0400,6,1
61908,R2a,NA,NA,0,0
61908,Rx2b,2022-05-26T04:11:47-0400,2022-05-26T04:19:28-0400,10,1
61908,Rx2a,NA,NA,0,0
61908,R2b,2022-05-26T04:22:03-0400,2022-05-26T04:22:55-0400,2,1
61908,R3a,NA,NA,0,0
61908,R3b,2022-05-26T04:30:42-0400,2022-05-26T04:33:32-0400,5,1
61908,HoT,2022-05-27T06:53:19-0400,2022-05-28T18:24:02-0400,735,1
61908,Inner_Bay,2022-05-30T09:44:01-0400,2022-05-30T09:48:58-0400,3,1
61908,Outer_Bay,2022-06-01T19:26:31-0400,2022-06-01T19:33:56-0400,16,1
61908,all_SoBI,2022-06-30T02:04:28-0400,2022-06-30T02:41:56-0400,8,1
61909,RP1,2022-05-25T22:17:15-0400,2022-05-25T22:17:15-0400,1,1
61909,all_MM,2022-05-26T20:22:54-0400,2022-05-26T20:23:51-0400,2,1
61909,Rx1,NA,NA,0,0
61909,R1a,NA,NA,0,0
61909,R1b,NA,NA,0,0
61909,R2a,NA,NA,0,0
61909,Rx2b,NA,NA,0,0
61909,Rx2a,2022-05-26T22:37:12-0400,2022-05-26T22:37:12-0400,1,1
61909,R2b,NA,NA,0,0
61909,R3a,2022-05-26T22:51:19-0400,2022-05-26T22:51:19-0400,1,1
61909,R3b,NA,NA,0,0
61909,HoT,2022-05-28T10:38:46-0400,2022-05-28T16:01:56-0400,411,1
61909,Inner_Bay,2022-05-30T12:06:24-0400,2022-05-30T12:10:43-0400,2,1
61909,Outer_Bay,2022-06-04T16:58:18-0400,2022-06-04T17:37:23-0400,28,1
61909,all_SoBI,2022-07-04T04:08:40-0400,2022-07-04T04:11:45-0400,5,1
