model,parameter,variable,year,rhat,ess,constant
original,Nm_K[1],Nm_K,NA,1.0009047635524908,10000,FALSE
original,Nm_K[2],Nm_K,NA,1.000903092820434,10000,FALSE
original,Nm_K[3],Nm_K,NA,1.000991325039813,10000,FALSE
original,Nm_K[4],Nm_K,NA,1.0011322668409723,6400,FALSE
original,Nm_K[5],Nm_K,NA,1.000919911381336,10000,FALSE
original,Nm_K[6],Nm_K,NA,1.000940720933387,10000,FALSE
original,Nm_K[7],Nm_K,NA,1.000966701583851,10000,FALSE
original,Nm_K[8],Nm_K,NA,1.0011288454119274,6500,FALSE
original,Nm_K[9],Nm_K,NA,1.0012972313398634,3800,FALSE
original,Nm_K[10],Nm_K,NA,1.0010477806350102,10000,FALSE
original,Nm_K[11],Nm_K,NA,1.0010975382223413,7500,FALSE
original,Nm_K[12],Nm_K,NA,1.000927235209004,10000,FALSE
original,Nm_K[13],Nm_K,NA,1.0011385448183916,6300,FALSE
original,Nm_K[14],Nm_K,NA,1.0009053355105906,10000,FALSE
original,Nm_K[15],Nm_K,NA,1.00104961588346,9900,FALSE
original,Nm_K[16],Nm_K,NA,1.0010560427396986,9500,FALSE
original,Nm_K[17],Nm_K,NA,1.000938727409063,10000,FALSE
original,Nm_K[18],Nm_K,NA,1.0010473564820532,10000,FALSE
original,Nm_Ma[1],Nm_Ma,NA,1,1,TRUE
original,Nm_Ma[2],Nm_Ma,NA,1,1,TRUE
original,Nm_Ma[3],Nm_Ma,NA,1,1,TRUE
original,Nm_Ma[4],Nm_Ma,NA,1,1,TRUE
original,Nm_Ma[5],Nm_Ma,NA,1,1,TRUE
original,Nm_Ma[6],Nm_Ma,NA,1,1,TRUE
original,Nm_Ma[7],Nm_Ma,NA,1,1,TRUE
original,Nm_Ma[8],Nm_Ma,NA,1,1,TRUE
original,Nm_Ma[9],Nm_Ma,NA,1,1,TRUE
original,Nm_Ma[10],Nm_Ma,NA,1,1,TRUE
original,Nm_Ma[11],Nm_Ma,NA,1,1,TRUE
original,Nm_Ma[12],Nm_Ma,NA,1,1,TRUE
original,Nm_Ma[13],Nm_Ma,NA,1,1,TRUE
original,Nm_Ma[14],Nm_Ma,NA,1.000912894061449,10000,FALSE
original,Nm_Ma[15],Nm_Ma,NA,1.0010038565560375,10000,FALSE
original,Nm_Ma[16],Nm_Ma,NA,1.0009283133653737,10000,FALSE
original,Nm_Ma[17],Nm_Ma,NA,1,1,TRUE
original,Nm_Ma[18],Nm_Ma,NA,1,1,TRUE
original,Nm_U[1],Nm_U,NA,1,1,TRUE
original,Nm_U[2],Nm_U,NA,1,1,TRUE
original,Nm_U[3],Nm_U,NA,1.0011715509586412,5500,FALSE
original,Nm_U[4],Nm_U,NA,1.0008984372167462,10000,FALSE
original,Nm_U[5],Nm_U,NA,1,1,TRUE
original,Nm_U[6],Nm_U,NA,1.0009998779072893,10000,FALSE
original,Nm_U[7],Nm_U,NA,1.0009103812503237,10000,FALSE
original,Nm_U[8],Nm_U,NA,1.0009622190002383,10000,FALSE
original,Nm_U[9],Nm_U,NA,1.0009110468722768,10000,FALSE
original,Nm_U[10],Nm_U,NA,1,1,TRUE
original,Nm_U[11],Nm_U,NA,1.001562956754167,2300,FALSE
original,Nm_U[12],Nm_U,NA,1.0009313013479972,10000,FALSE
original,Nm_U[13],Nm_U,NA,1.0009165084036598,10000,FALSE
original,Nm_U[14],Nm_U,NA,1.0010438861598052,10000,FALSE
original,Nm_U[15],Nm_U,NA,1,1,TRUE
original,Nm_U[16],Nm_U,NA,1,1,TRUE
original,Nm_U[17],Nm_U,NA,1.0011394601584138,6200,FALSE
original,Nm_U[18],Nm_U,NA,1.0009514149451282,10000,FALSE
original,Nm_rest[1],Nm_rest,NA,1.0011569121298491,5800,FALSE
original,Nm_rest[2],Nm_rest,NA,1.0009017416280006,10000,FALSE
original,Nm_rest[3],Nm_rest,NA,1.0009125637785887,10000,FALSE
original,Nm_rest[4],Nm_rest,NA,1.0008993035952365,10000,FALSE
original,Nm_rest[5],Nm_rest,NA,1.0016865183743031,1900,FALSE
original,Nm_rest[6],Nm_rest,NA,1.0009076967217883,10000,FALSE
original,Nm_rest[7],Nm_rest,NA,1.0010911138504897,7800,FALSE
original,Nm_rest[8],Nm_rest,NA,1.0008986226259575,10000,FALSE
original,Nm_rest[9],Nm_rest,NA,1.0009852405568271,10000,FALSE
original,Nm_rest[10],Nm_rest,NA,1.0009081658673704,10000,FALSE
original,Nm_rest[11],Nm_rest,NA,1.000917480165848,10000,FALSE
original,Nm_rest[12],Nm_rest,NA,1.0011872730327185,5200,FALSE
original,Nm_rest[13],Nm_rest,NA,1.0009417506201255,10000,FALSE
original,Nm_rest[14],Nm_rest,NA,1.0011185010228938,6800,FALSE
original,Nm_rest[15],Nm_rest,NA,1.001541974235659,2300,FALSE
original,Nm_rest[16],Nm_rest,NA,1.0009958177794476,10000,FALSE
original,Nm_rest[17],Nm_rest,NA,1.002250703843676,1100,FALSE
original,Nm_rest[18],Nm_rest,NA,1.0009080065683176,10000,FALSE
original,Nm_tot[1],Nm_tot,2002,1.0010925724563162,7700,FALSE
original,Nm_tot[2],Nm_tot,2003,1.0009011467169042,10000,FALSE
original,Nm_tot[3],Nm_tot,2004,1.0009270910210002,10000,FALSE
original,Nm_tot[4],Nm_tot,2005,1.0009121399121146,10000,FALSE
original,Nm_tot[5],Nm_tot,2006,1.0015534339553755,2300,FALSE
original,Nm_tot[6],Nm_tot,2007,1.0009003835721118,10000,FALSE
original,Nm_tot[7],Nm_tot,2008,1.001122737607372,6700,FALSE
original,Nm_tot[8],Nm_tot,2009,1.000909012815693,10000,FALSE
original,Nm_tot[9],Nm_tot,2010,1.0009347893118503,10000,FALSE
original,Nm_tot[10],Nm_tot,2011,1.0009000126822867,10000,FALSE
original,Nm_tot[11],Nm_tot,2012,1.0009939949420663,10000,FALSE
original,Nm_tot[12],Nm_tot,2013,1.001180331155565,5300,FALSE
original,Nm_tot[13],Nm_tot,2014,1.001005368341753,10000,FALSE
original,Nm_tot[14],Nm_tot,2015,1.0011905084307011,5100,FALSE
original,Nm_tot[15],Nm_tot,2016,1.0019405813078788,1400,FALSE
original,Nm_tot[16],Nm_tot,2017,1.001044085536968,10000,FALSE
original,Nm_tot[17],Nm_tot,2018,1.0016224997493606,2100,FALSE
original,Nm_tot[18],Nm_tot,2019,1.0009582563287178,10000,FALSE
original,"delta[1,1]",delta,NA,1.0011702872447448,5500,FALSE
original,"delta[2,1]",delta,NA,1.0013631984168212,3200,FALSE
original,"delta[3,1]",delta,NA,1.0016465917441157,2000,FALSE
original,"delta[4,1]",delta,NA,1.003154801173899,670,FALSE
original,"delta[5,1]",delta,NA,1.0009806958970024,10000,FALSE
original,"delta[6,1]",delta,NA,1.0009874380985737,10000,FALSE
original,"delta[7,1]",delta,NA,1.001043649378254,10000,FALSE
original,"delta[8,1]",delta,NA,1.0009322360027715,10000,FALSE
original,"delta[9,1]",delta,NA,1.002814085576101,780,FALSE
original,"delta[10,1]",delta,NA,1.0013641489144174,3200,FALSE
original,"delta[11,1]",delta,NA,1.0013751737253087,3200,FALSE
original,"delta[12,1]",delta,NA,1.0011469794421368,6000,FALSE
original,"delta[13,1]",delta,NA,1.0009144037875526,10000,FALSE
original,"delta[14,1]",delta,NA,1.001112344554598,7000,FALSE
original,"delta[15,1]",delta,NA,1.0016974331370487,1900,FALSE
original,"delta[16,1]",delta,NA,1.001212345249112,4800,FALSE
original,"delta[17,1]",delta,NA,1.000899493698835,10000,FALSE
original,"delta[18,1]",delta,NA,1.0012378320585216,4400,FALSE
original,"delta[1,2]",delta,NA,1.0029715270508182,730,FALSE
original,"delta[2,2]",delta,NA,1.0014363251125782,2800,FALSE
original,"delta[3,2]",delta,NA,1.0017533053532364,1800,FALSE
original,"delta[4,2]",delta,NA,1.0028835160206873,760,FALSE
original,"delta[5,2]",delta,NA,1.0016275873909566,2100,FALSE
original,"delta[6,2]",delta,NA,1.0010001742269654,10000,FALSE
original,"delta[7,2]",delta,NA,1.0010787172424045,8300,FALSE
original,"delta[8,2]",delta,NA,1.0009465766133268,10000,FALSE
original,"delta[9,2]",delta,NA,1.0024456536533077,970,FALSE
original,"delta[10,2]",delta,NA,1.0016588345398278,2000,FALSE
original,"delta[11,2]",delta,NA,1.0009839223595507,10000,FALSE
original,"delta[12,2]",delta,NA,1.0011020164385878,7400,FALSE
original,"delta[13,2]",delta,NA,1.0009009356646654,10000,FALSE
original,"delta[14,2]",delta,NA,1.0012489669466218,4300,FALSE
original,"delta[15,2]",delta,NA,1.001662204779981,2000,FALSE
original,"delta[16,2]",delta,NA,1.0013813025989886,3100,FALSE
original,"delta[17,2]",delta,NA,1.0009057904109697,10000,FALSE
original,"delta[18,2]",delta,NA,1.0010410206111344,10000,FALSE
original,"delta[3,3]",delta,NA,1.0016967693808099,1900,FALSE
original,"delta[4,3]",delta,NA,1.003085153675094,690,FALSE
original,"delta[6,3]",delta,NA,1.0009544673533075,10000,FALSE
original,"delta[7,3]",delta,NA,1.0010353490311186,10000,FALSE
original,"delta[8,3]",delta,NA,1.0010085378344433,10000,FALSE
original,"delta[9,3]",delta,NA,1.0022827531251846,1100,FALSE
original,"delta[11,3]",delta,NA,1.0016749313308024,1900,FALSE
original,"delta[12,3]",delta,NA,1.002410372778412,990,FALSE
original,"delta[13,3]",delta,NA,1.0008997218228421,10000,FALSE
original,"delta[14,3]",delta,NA,1.0011658684695914,5600,FALSE
original,"delta[15,3]",delta,NA,1.002135797557169,1200,FALSE
original,"delta[16,3]",delta,NA,1.0009970358953042,10000,FALSE
original,"delta[17,3]",delta,NA,1.001791541422568,1700,FALSE
original,"delta[18,3]",delta,NA,1.0011379360759955,6300,FALSE
original,"delta[14,4]",delta,NA,1.0013403715191869,3400,FALSE
original,deviance,deviance,NA,1.001658516173224,2000,FALSE
original,eta_alphaN,eta_alphaN,NA,1.0026446697496214,860,FALSE
original,mu_theta_B,mu_theta_B,NA,1.0011585949880117,5800,FALSE
original,mu_theta_K,mu_theta_K,NA,1.0009176513709388,10000,FALSE
original,mu_theta_Ma,mu_theta_Ma,NA,1.0113855794009712,10000,FALSE
original,mu_theta_Mo,mu_theta_Mo,NA,1.0013270604839675,3500,FALSE
original,mu_theta_U,mu_theta_U,NA,1.0012504561559805,4300,FALSE
original,"p_smolt_prod[1,1]",p_smolt_prod,NA,1.0011277316992846,6500,FALSE
original,"p_smolt_prod[2,1]",p_smolt_prod,NA,1.0008984159057248,10000,FALSE
original,"p_smolt_prod[3,1]",p_smolt_prod,NA,1.000902315208268,10000,FALSE
original,"p_smolt_prod[4,1]",p_smolt_prod,NA,1.0009764693761174,10000,FALSE
original,"p_smolt_prod[5,1]",p_smolt_prod,NA,1.001432349168612,2800,FALSE
original,"p_smolt_prod[6,1]",p_smolt_prod,NA,1.0009193600739588,10000,FALSE
original,"p_smolt_prod[7,1]",p_smolt_prod,NA,1.0009063937963467,10000,FALSE
original,"p_smolt_prod[8,1]",p_smolt_prod,NA,1.000969012454339,10000,FALSE
original,"p_smolt_prod[9,1]",p_smolt_prod,NA,1.0012197212955323,4700,FALSE
original,"p_smolt_prod[10,1]",p_smolt_prod,NA,1.0009721189659382,10000,FALSE
original,"p_smolt_prod[11,1]",p_smolt_prod,NA,1.0009054687422225,10000,FALSE
original,"p_smolt_prod[12,1]",p_smolt_prod,NA,1.0012232861857846,4600,FALSE
original,"p_smolt_prod[13,1]",p_smolt_prod,NA,1.0009167113877282,10000,FALSE
original,"p_smolt_prod[14,1]",p_smolt_prod,NA,1.0011865446909025,5200,FALSE
original,"p_smolt_prod[15,1]",p_smolt_prod,NA,1.0010266919138604,10000,FALSE
original,"p_smolt_prod[16,1]",p_smolt_prod,NA,1.0008996532660057,10000,FALSE
original,"p_smolt_prod[17,1]",p_smolt_prod,NA,1.0015648655951541,2300,FALSE
original,"p_smolt_prod[18,1]",p_smolt_prod,NA,1.0009403754406692,10000,FALSE
original,"p_smolt_prod[1,2]",p_smolt_prod,NA,1,1,TRUE
original,"p_smolt_prod[2,2]",p_smolt_prod,NA,1,1,TRUE
original,"p_smolt_prod[3,2]",p_smolt_prod,NA,1.0009598606513876,10000,FALSE
original,"p_smolt_prod[4,2]",p_smolt_prod,NA,1.000907981438086,10000,FALSE
original,"p_smolt_prod[5,2]",p_smolt_prod,NA,1,1,TRUE
original,"p_smolt_prod[6,2]",p_smolt_prod,NA,1.00094113815363,10000,FALSE
original,"p_smolt_prod[7,2]",p_smolt_prod,NA,1.0009377685273688,10000,FALSE
original,"p_smolt_prod[8,2]",p_smolt_prod,NA,1.0009150425044164,10000,FALSE
original,"p_smolt_prod[9,2]",p_smolt_prod,NA,1.0009459405449963,10000,FALSE
original,"p_smolt_prod[10,2]",p_smolt_prod,NA,1,1,TRUE
original,"p_smolt_prod[11,2]",p_smolt_prod,NA,1.0013017234910533,3700,FALSE
original,"p_smolt_prod[12,2]",p_smolt_prod,NA,1.0012894954093325,3800,FALSE
original,"p_smolt_prod[13,2]",p_smolt_prod,NA,1.000898797296726,10000,FALSE
original,"p_smolt_prod[14,2]",p_smolt_prod,NA,1.0008984155927239,10000,FALSE
original,"p_smolt_prod[15,2]",p_smolt_prod,NA,1,1,TRUE
original,"p_smolt_prod[16,2]",p_smolt_prod,NA,1,1,TRUE
original,"p_smolt_prod[17,2]",p_smolt_prod,NA,1.0021768954535724,1200,FALSE
original,"p_smolt_prod[18,2]",p_smolt_prod,NA,1.0010194744496559,10000,FALSE
original,"p_smolt_prod[1,3]",p_smolt_prod,NA,1,1,TRUE
original,"p_smolt_prod[2,3]",p_smolt_prod,NA,1,1,TRUE
original,"p_smolt_prod[3,3]",p_smolt_prod,NA,1,1,TRUE
original,"p_smolt_prod[4,3]",p_smolt_prod,NA,1,1,TRUE
original,"p_smolt_prod[5,3]",p_smolt_prod,NA,1,1,TRUE
original,"p_smolt_prod[6,3]",p_smolt_prod,NA,1,1,TRUE
original,"p_smolt_prod[7,3]",p_smolt_prod,NA,1,1,TRUE
original,"p_smolt_prod[8,3]",p_smolt_prod,NA,1,1,TRUE
original,"p_smolt_prod[9,3]",p_smolt_prod,NA,1,1,TRUE
original,"p_smolt_prod[10,3]",p_smolt_prod,NA,1,1,TRUE
original,"p_smolt_prod[11,3]",p_smolt_prod,NA,1,1,TRUE
original,"p_smolt_prod[12,3]",p_smolt_prod,NA,1,1,TRUE
original,"p_smolt_prod[13,3]",p_smolt_prod,NA,1,1,TRUE
original,"p_smolt_prod[14,3]",p_smolt_prod,NA,1.0011007305934883,7400,FALSE
original,"p_smolt_prod[15,3]",p_smolt_prod,NA,1.0014749009885642,2600,FALSE
original,"p_smolt_prod[16,3]",p_smolt_prod,NA,1.0009675152550392,10000,FALSE
original,"p_smolt_prod[17,3]",p_smolt_prod,NA,1,1,TRUE
original,"p_smolt_prod[18,3]",p_smolt_prod,NA,1,1,TRUE
original,"p_smolt_prod[1,4]",p_smolt_prod,NA,1.0013398834478326,3500,FALSE
original,"p_smolt_prod[2,4]",p_smolt_prod,NA,1.000905790208604,10000,FALSE
original,"p_smolt_prod[3,4]",p_smolt_prod,NA,1.0009132880476244,10000,FALSE
original,"p_smolt_prod[4,4]",p_smolt_prod,NA,1.0009800654460832,10000,FALSE
original,"p_smolt_prod[5,4]",p_smolt_prod,NA,1.0016337205069836,2000,FALSE
original,"p_smolt_prod[6,4]",p_smolt_prod,NA,1.000949541425847,10000,FALSE
original,"p_smolt_prod[7,4]",p_smolt_prod,NA,1.00092765287411,10000,FALSE
original,"p_smolt_prod[8,4]",p_smolt_prod,NA,1.0009762990337092,10000,FALSE
original,"p_smolt_prod[9,4]",p_smolt_prod,NA,1.0011656834181715,5600,FALSE
original,"p_smolt_prod[10,4]",p_smolt_prod,NA,1.0009276389086235,10000,FALSE
original,"p_smolt_prod[11,4]",p_smolt_prod,NA,1.0011830152552472,5300,FALSE
original,"p_smolt_prod[12,4]",p_smolt_prod,NA,1.001132764339966,6400,FALSE
original,"p_smolt_prod[13,4]",p_smolt_prod,NA,1.0009130415569876,10000,FALSE
original,"p_smolt_prod[14,4]",p_smolt_prod,NA,1.001079116352755,8300,FALSE
original,"p_smolt_prod[15,4]",p_smolt_prod,NA,1.0013779366049245,3100,FALSE
original,"p_smolt_prod[16,4]",p_smolt_prod,NA,1.000964316819438,10000,FALSE
original,"p_smolt_prod[17,4]",p_smolt_prod,NA,1.002362117867788,1000,FALSE
original,"p_smolt_prod[18,4]",p_smolt_prod,NA,1.0009021147742239,10000,FALSE
original,sigma_theta_B,sigma_theta_B,NA,1.0009010564970535,10000,FALSE
original,sigma_theta_K,sigma_theta_K,NA,1.0008988346099565,10000,FALSE
original,sigma_theta_Ma,sigma_theta_Ma,NA,1.0012023588125463,4900,FALSE
original,sigma_theta_Mo,sigma_theta_Mo,NA,1.0012093410595961,4800,FALSE
original,sigma_theta_U,sigma_theta_U,NA,1.0014642447704551,2700,FALSE
original,theta_B[1],theta_B,2002,1.0009842191142155,10000,FALSE
original,theta_B[2],theta_B,2003,1.0009011364815932,10000,FALSE
original,theta_B[3],theta_B,2004,1.000909237606107,10000,FALSE
original,theta_B[4],theta_B,2005,1.000907739520178,10000,FALSE
original,theta_B[5],theta_B,2006,1.001520015739252,2400,FALSE
original,theta_B[6],theta_B,2007,1.0008984188474654,10000,FALSE
original,theta_B[7],theta_B,2008,1.001181810914826,5300,FALSE
original,theta_B[8],theta_B,2009,1.000915910845716,10000,FALSE
original,theta_B[9],theta_B,2010,1.0009980461046553,10000,FALSE
original,theta_B[11],theta_B,2012,1.0009750265667043,10000,FALSE
original,theta_B[13],theta_B,2014,1.001026458244067,10000,FALSE
original,theta_B[14],theta_B,2015,1.001047922897696,10000,FALSE
original,theta_B[15],theta_B,2016,1.0020665300156726,1300,FALSE
original,theta_B[16],theta_B,2017,1.0009793311181354,10000,FALSE
original,theta_B[17],theta_B,2018,1.0014645119387415,2700,FALSE
original,theta_B[18],theta_B,2019,1.0009624571056828,10000,FALSE
original,theta_K[1],theta_K,NA,1.0009078879624034,10000,FALSE
original,theta_K[2],theta_K,NA,1.0009120933860762,10000,FALSE
original,theta_K[3],theta_K,NA,1.000963814411928,10000,FALSE
original,theta_K[4],theta_K,NA,1.0011486334391502,6000,FALSE
original,theta_K[5],theta_K,NA,1.000953978996286,10000,FALSE
original,theta_K[6],theta_K,NA,1.0009425240462222,10000,FALSE
original,theta_K[7],theta_K,NA,1.0009869932442628,10000,FALSE
original,theta_K[8],theta_K,NA,1.001048104776673,10000,FALSE
original,theta_K[9],theta_K,NA,1.001355574379637,3300,FALSE
original,theta_K[10],theta_K,NA,1.0010522703417604,9800,FALSE
original,theta_K[11],theta_K,NA,1.0011695911931975,5500,FALSE
original,theta_K[12],theta_K,NA,1.0009393709410508,10000,FALSE
original,theta_K[13],theta_K,NA,1.0011631219010149,5700,FALSE
original,theta_K[14],theta_K,NA,1.0009064020607956,10000,FALSE
original,theta_K[15],theta_K,NA,1.0010306737734684,10000,FALSE
original,theta_K[16],theta_K,NA,1.0010438979855099,10000,FALSE
original,theta_K[17],theta_K,NA,1.0009427599246001,10000,FALSE
original,theta_K[18],theta_K,NA,1.0011200933476427,6800,FALSE
original,theta_Ma[14],theta_Ma,NA,1.0009134737412617,10000,FALSE
original,theta_Ma[15],theta_Ma,NA,1.0009866309350495,10000,FALSE
original,theta_Ma[16],theta_Ma,NA,1.0009337405996295,10000,FALSE
original,theta_Mo[1],theta_Mo,2002,1.0012365448017717,4400,FALSE
original,theta_Mo[2],theta_Mo,2003,1.0008990026447018,10000,FALSE
original,theta_Mo[3],theta_Mo,2004,1.0009279476795392,10000,FALSE
original,theta_Mo[4],theta_Mo,2005,1.00091552305653,10000,FALSE
original,theta_Mo[5],theta_Mo,2006,1.001468965399425,2600,FALSE
original,theta_Mo[6],theta_Mo,2007,1.0009019538514028,10000,FALSE
original,theta_Mo[7],theta_Mo,2008,1.0011429113478076,6100,FALSE
original,theta_Mo[8],theta_Mo,2009,1.0009012001880535,10000,FALSE
original,theta_Mo[9],theta_Mo,2010,1.0009330590976884,10000,FALSE
original,theta_Mo[10],theta_Mo,2011,1.000898530982143,10000,FALSE
original,theta_Mo[11],theta_Mo,2012,1.000996331843069,10000,FALSE
original,theta_Mo[13],theta_Mo,2014,1.0010624801022965,9200,FALSE
original,theta_Mo[15],theta_Mo,2016,1.0020482930011794,1300,FALSE
original,theta_Mo[16],theta_Mo,2017,1.0009908978076023,10000,FALSE
original,theta_Mo[17],theta_Mo,2018,1.0015724456757793,2200,FALSE
original,theta_Mo[18],theta_Mo,2019,1.0009594227108036,10000,FALSE
original,theta_U[3],theta_U,NA,1.001208233482197,4800,FALSE
original,theta_U[4],theta_U,NA,1.0008993118474234,10000,FALSE
original,theta_U[6],theta_U,NA,1.000981087977919,10000,FALSE
original,theta_U[7],theta_U,NA,1.0009315956913791,10000,FALSE
original,theta_U[8],theta_U,NA,1.0009407499882204,10000,FALSE
original,theta_U[9],theta_U,NA,1.0009110546244557,10000,FALSE
original,theta_U[11],theta_U,NA,1.0014936078474204,2500,FALSE
original,theta_U[12],theta_U,NA,1.000929072505244,10000,FALSE
original,theta_U[13],theta_U,NA,1.000909060090914,10000,FALSE
original,theta_U[14],theta_U,NA,1.0009948816997454,10000,FALSE
original,theta_U[17],theta_U,NA,1.0011582925449602,5800,FALSE
original,theta_U[18],theta_U,NA,1.0009684338075842,10000,FALSE
split,Nm_K[1],Nm_K,NA,1.0256353029608944,66,FALSE
split,Nm_K[2],Nm_K,NA,1.0009887815173386,9500,FALSE
split,Nm_K[3],Nm_K,NA,1.000895866002206,9500,FALSE
split,Nm_K[4],Nm_K,NA,1.0008967424293145,9500,FALSE
split,Nm_K[5],Nm_K,NA,1.0056942983643318,310,FALSE
split,Nm_K[6],Nm_K,NA,1.001511339290893,2400,FALSE
split,Nm_K[7],Nm_K,NA,1.0008943535525925,9500,FALSE
split,Nm_K[8],Nm_K,NA,1.0008988698318315,9500,FALSE
split,Nm_K[9],Nm_K,NA,1.0012074247954126,4800,FALSE
split,Nm_K[10],Nm_K,NA,1.040706847108935,45,FALSE
split,Nm_K[11],Nm_K,NA,1.000930213269931,9500,FALSE
split,Nm_K[12],Nm_K,NA,1.0056700429106407,320,FALSE
split,Nm_K[13],Nm_K,NA,1.0019633292285959,1400,FALSE
split,Nm_K[14],Nm_K,NA,1.0026813324992054,840,FALSE
split,Nm_K[15],Nm_K,NA,1.0027490189680468,810,FALSE
split,Nm_K[16],Nm_K,NA,1.001634301026257,2000,FALSE
split,Nm_K[17],Nm_K,NA,1.0116320284720757,140,FALSE
split,Nm_K[18],Nm_K,NA,1.0010430183758068,9500,FALSE
split,Nm_Ma[1],Nm_Ma,NA,1,1,TRUE
split,Nm_Ma[2],Nm_Ma,NA,1,1,TRUE
split,Nm_Ma[3],Nm_Ma,NA,1,1,TRUE
split,Nm_Ma[4],Nm_Ma,NA,1,1,TRUE
split,Nm_Ma[5],Nm_Ma,NA,1,1,TRUE
split,Nm_Ma[6],Nm_Ma,NA,1,1,TRUE
split,Nm_Ma[7],Nm_Ma,NA,1,1,TRUE
split,Nm_Ma[8],Nm_Ma,NA,1,1,TRUE
split,Nm_Ma[9],Nm_Ma,NA,1,1,TRUE
split,Nm_Ma[10],Nm_Ma,NA,1,1,TRUE
split,Nm_Ma[11],Nm_Ma,NA,1,1,TRUE
split,Nm_Ma[12],Nm_Ma,NA,1,1,TRUE
split,Nm_Ma[13],Nm_Ma,NA,1,1,TRUE
split,Nm_Ma[14],Nm_Ma,NA,1.0171541535267492,140,FALSE
split,Nm_Ma[15],Nm_Ma,NA,1.0027475381868456,810,FALSE
split,Nm_Ma[16],Nm_Ma,NA,1.002648649425117,860,FALSE
split,Nm_Ma[17],Nm_Ma,NA,1,1,TRUE
split,Nm_Ma[18],Nm_Ma,NA,1,1,TRUE
split,Nm_U[1],Nm_U,NA,1,1,TRUE
split,Nm_U[2],Nm_U,NA,1,1,TRUE
split,Nm_U[3],Nm_U,NA,1.000916682352016,9500,FALSE
split,Nm_U[4],Nm_U,NA,1.0016655511841803,1900,FALSE
split,Nm_U[5],Nm_U,NA,1,1,TRUE
split,Nm_U[6],Nm_U,NA,1.0011850654869772,5100,FALSE
split,Nm_U[7],Nm_U,NA,1.0016279102995895,2000,FALSE
split,Nm_U[8],Nm_U,NA,1.0009834018597157,9500,FALSE
split,Nm_U[9],Nm_U,NA,1.001992930980813,1400,FALSE
split,Nm_U[10],Nm_U,NA,1,1,TRUE
split,Nm_U[11],Nm_U,NA,1.0014243608119862,2800,FALSE
split,Nm_U[12],Nm_U,NA,1.0217845487276636,81,FALSE
split,Nm_U[13],Nm_U,NA,1.0013861440072371,3000,FALSE
split,Nm_U[14],Nm_U,NA,1.0009046243261084,9500,FALSE
split,Nm_U[15],Nm_U,NA,1,1,TRUE
split,Nm_U[16],Nm_U,NA,1,1,TRUE
split,Nm_U[17],Nm_U,NA,1.005945418862854,300,FALSE
split,Nm_U[18],Nm_U,NA,1.0020108432987176,1300,FALSE
split,Nm_rest[1],Nm_rest,NA,1.8535083073933676,4,FALSE
split,Nm_rest[2],Nm_rest,NA,1.1371245188500798,20,FALSE
split,Nm_rest[3],Nm_rest,NA,1.2267997435756004,11,FALSE
split,Nm_rest[4],Nm_rest,NA,1.1321933592810351,17,FALSE
split,Nm_rest[5],Nm_rest,NA,1.371394091521414,8,FALSE
split,Nm_rest[6],Nm_rest,NA,2.9181143108616316,3,FALSE
split,Nm_rest[7],Nm_rest,NA,1.0577431735842286,35,FALSE
split,Nm_rest[8],Nm_rest,NA,1.0132011590889511,1500,FALSE
split,Nm_rest[9],Nm_rest,NA,1.0794375301303654,26,FALSE
split,Nm_rest[10],Nm_rest,NA,3.098496763410928,3,FALSE
split,Nm_rest[11],Nm_rest,NA,1.0580133636220355,32,FALSE
split,Nm_rest[12],Nm_rest,NA,1.3031305643834308,9,FALSE
split,Nm_rest[13],Nm_rest,NA,1.2547798947697646,10,FALSE
split,Nm_rest[14],Nm_rest,NA,1.0345982971753178,160,FALSE
split,Nm_rest[15],Nm_rest,NA,1.0035666382547688,560,FALSE
split,Nm_rest[16],Nm_rest,NA,1.083453773348591,25,FALSE
split,Nm_rest[17],Nm_rest,NA,1.1196880907252216,18,FALSE
split,Nm_rest[18],Nm_rest,NA,1.2010505815339036,14,FALSE
split,Nm_tot[1],Nm_tot,2002,1.9599709415692896,4,FALSE
split,Nm_tot[2],Nm_tot,2003,1.1440412537309863,19,FALSE
split,Nm_tot[3],Nm_tot,2004,1.2356005926266962,11,FALSE
split,Nm_tot[4],Nm_tot,2005,1.1328270356736465,17,FALSE
split,Nm_tot[5],Nm_tot,2006,1.4233843483873079,7,FALSE
split,Nm_tot[6],Nm_tot,2007,2.974453617030566,3,FALSE
split,Nm_tot[7],Nm_tot,2008,1.0605150759899373,35,FALSE
split,Nm_tot[8],Nm_tot,2009,1.0159287949597287,1000,FALSE
split,Nm_tot[9],Nm_tot,2010,1.0760895735434366,26,FALSE
split,Nm_tot[10],Nm_tot,2011,3.2935632738773584,3,FALSE
split,Nm_tot[11],Nm_tot,2012,1.1115164481781468,20,FALSE
split,Nm_tot[12],Nm_tot,2013,1.4164180253743999,7,FALSE
split,Nm_tot[13],Nm_tot,2014,1.2765436852904462,10,FALSE
split,Nm_tot[14],Nm_tot,2015,1.0962594428276753,36,FALSE
split,Nm_tot[15],Nm_tot,2016,1.0011834293450357,9500,FALSE
split,Nm_tot[16],Nm_tot,2017,1.0834992503724896,23,FALSE
split,Nm_tot[17],Nm_tot,2018,1.1577101029299146,14,FALSE
split,Nm_tot[18],Nm_tot,2019,1.194223797654155,15,FALSE
split,"delta[1,1]",delta,NA,1.068492314947011,28,FALSE
split,"delta[2,1]",delta,NA,1.0414676051282923,42,FALSE
split,"delta[3,1]",delta,NA,1.0019513544202492,1400,FALSE
split,"delta[4,1]",delta,NA,1.0029308626675955,740,FALSE
split,"delta[5,1]",delta,NA,1.000989078295885,9500,FALSE
split,"delta[6,1]",delta,NA,1.0169633986773587,95,FALSE
split,"delta[7,1]",delta,NA,1.0274445172750328,61,FALSE
split,"delta[8,1]",delta,NA,1.0193581958537978,92,FALSE
split,"delta[9,1]",delta,NA,1.0022405525198388,1100,FALSE
split,"delta[10,1]",delta,NA,1.1781943136317188,13,FALSE
split,"delta[11,1]",delta,NA,1.0044950006188178,420,FALSE
split,"delta[12,1]",delta,NA,1.1443870760177,15,FALSE
split,"delta[13,1]",delta,NA,1.1134487766947234,19,FALSE
split,"delta[14,1]",delta,NA,1.0274730617091308,61,FALSE
split,"delta[15,1]",delta,NA,1.010353933730778,160,FALSE
split,"delta[16,1]",delta,NA,1.0054172885631247,500,FALSE
split,"delta[17,1]",delta,NA,1.0020836439029794,1300,FALSE
split,"delta[18,1]",delta,NA,1.0465436384962459,38,FALSE
split,"delta[1,2]",delta,NA,1.0905371475460046,23,FALSE
split,"delta[2,2]",delta,NA,1.0123466068139213,130,FALSE
split,"delta[3,2]",delta,NA,1.001853927767131,1600,FALSE
split,"delta[4,2]",delta,NA,1.0033899093151648,600,FALSE
split,"delta[5,2]",delta,NA,1.0325005634722395,53,FALSE
split,"delta[6,2]",delta,NA,1.0150194909162997,110,FALSE
split,"delta[7,2]",delta,NA,1.0309253106321583,55,FALSE
split,"delta[8,2]",delta,NA,1.0185186593216629,94,FALSE
split,"delta[9,2]",delta,NA,1.003346491972613,610,FALSE
split,"delta[10,2]",delta,NA,1.1696696326858589,13,FALSE
split,"delta[11,2]",delta,NA,1.0049861967676417,370,FALSE
split,"delta[12,2]",delta,NA,1.0937033245516579,22,FALSE
split,"delta[13,2]",delta,NA,1.0581723022891525,32,FALSE
split,"delta[14,2]",delta,NA,1.0281396793836766,60,FALSE
split,"delta[15,2]",delta,NA,1.011916773572677,140,FALSE
split,"delta[16,2]",delta,NA,1.0059559850424076,460,FALSE
split,"delta[17,2]",delta,NA,1.0009542377673748,9500,FALSE
split,"delta[18,2]",delta,NA,1.0455296066054434,39,FALSE
split,"delta[3,3]",delta,NA,1.020867807025739,78,FALSE
split,"delta[4,3]",delta,NA,1.026623130642645,65,FALSE
split,"delta[6,3]",delta,NA,1.0817146645949127,24,FALSE
split,"delta[7,3]",delta,NA,1.0124041512560162,130,FALSE
split,"delta[8,3]",delta,NA,1.0184437733081264,98,FALSE
split,"delta[9,3]",delta,NA,1.0290184050049596,60,FALSE
split,"delta[11,3]",delta,NA,1.0243904023615198,69,FALSE
split,"delta[12,3]",delta,NA,1.004136774450973,490,FALSE
split,"delta[13,3]",delta,NA,1.0044088294517108,430,FALSE
split,"delta[14,3]",delta,NA,1.0228382108997534,72,FALSE
split,"delta[15,3]",delta,NA,1.013458941213976,120,FALSE
split,"delta[16,3]",delta,NA,1.065768331220318,30,FALSE
split,"delta[17,3]",delta,NA,1.0651692207739412,30,FALSE
split,"delta[18,3]",delta,NA,1.0021926773817744,1200,FALSE
split,"delta[14,4]",delta,NA,1.0060446592026504,1600,FALSE
split,deviance,deviance,NA,1.0032976120266193,630,FALSE
split,eta_alphaN,eta_alphaN,NA,1.0607200287589829,31,FALSE
split,mu_theta_B,mu_theta_B,NA,1.0126055127244644,130,FALSE
split,mu_theta_K,mu_theta_K,NA,1.0025327367267138,920,FALSE
split,mu_theta_Ma,mu_theta_Ma,NA,1.0008973757691866,9500,FALSE
split,mu_theta_Mo,mu_theta_Mo,NA,1.0563042002434533,34,FALSE
split,mu_theta_U,mu_theta_U,NA,1.0009495232755456,9500,FALSE
split,"p_smolt_prod[1,1]",p_smolt_prod,NA,1.4680486765330518,7,FALSE
split,"p_smolt_prod[2,1]",p_smolt_prod,NA,1.0672110678255127,34,FALSE
split,"p_smolt_prod[3,1]",p_smolt_prod,NA,1.0962673137177865,21,FALSE
split,"p_smolt_prod[4,1]",p_smolt_prod,NA,1.055137595053093,34,FALSE
split,"p_smolt_prod[5,1]",p_smolt_prod,NA,1.103173026433367,20,FALSE
split,"p_smolt_prod[6,1]",p_smolt_prod,NA,2.2821708280979256,3,FALSE
split,"p_smolt_prod[7,1]",p_smolt_prod,NA,1.0184887549019972,91,FALSE
split,"p_smolt_prod[8,1]",p_smolt_prod,NA,1.0053520032399512,2300,FALSE
split,"p_smolt_prod[9,1]",p_smolt_prod,NA,1.0500703288740487,36,FALSE
split,"p_smolt_prod[10,1]",p_smolt_prod,NA,2.3600531202939097,3,FALSE
split,"p_smolt_prod[11,1]",p_smolt_prod,NA,1.0313731328061737,56,FALSE
split,"p_smolt_prod[12,1]",p_smolt_prod,NA,1.306029973250903,9,FALSE
split,"p_smolt_prod[13,1]",p_smolt_prod,NA,1.1475267918027514,16,FALSE
split,"p_smolt_prod[14,1]",p_smolt_prod,NA,1.0347664798769711,76,FALSE
split,"p_smolt_prod[15,1]",p_smolt_prod,NA,1.002785903377482,790,FALSE
split,"p_smolt_prod[16,1]",p_smolt_prod,NA,1.0315589423581373,55,FALSE
split,"p_smolt_prod[17,1]",p_smolt_prod,NA,1.0312052986219657,56,FALSE
split,"p_smolt_prod[18,1]",p_smolt_prod,NA,1.0491898015582137,40,FALSE
split,"p_smolt_prod[1,2]",p_smolt_prod,NA,1,1,TRUE
split,"p_smolt_prod[2,2]",p_smolt_prod,NA,1,1,TRUE
split,"p_smolt_prod[3,2]",p_smolt_prod,NA,1.0758974890709618,26,FALSE
split,"p_smolt_prod[4,2]",p_smolt_prod,NA,1.082917255517835,25,FALSE
split,"p_smolt_prod[5,2]",p_smolt_prod,NA,1,1,TRUE
split,"p_smolt_prod[6,2]",p_smolt_prod,NA,2.244597219739915,3,FALSE
split,"p_smolt_prod[7,2]",p_smolt_prod,NA,1.0231916560428547,73,FALSE
split,"p_smolt_prod[8,2]",p_smolt_prod,NA,1.002680825883476,1600,FALSE
split,"p_smolt_prod[9,2]",p_smolt_prod,NA,1.0311567392941234,56,FALSE
split,"p_smolt_prod[10,2]",p_smolt_prod,NA,1,1,TRUE
split,"p_smolt_prod[11,2]",p_smolt_prod,NA,1.005637319354614,320,FALSE
split,"p_smolt_prod[12,2]",p_smolt_prod,NA,1.1266403653193129,17,FALSE
split,"p_smolt_prod[13,2]",p_smolt_prod,NA,1.0445885587007104,40,FALSE
split,"p_smolt_prod[14,2]",p_smolt_prod,NA,1.0191886268894292,100,FALSE
split,"p_smolt_prod[15,2]",p_smolt_prod,NA,1,1,TRUE
split,"p_smolt_prod[16,2]",p_smolt_prod,NA,1,1,TRUE
split,"p_smolt_prod[17,2]",p_smolt_prod,NA,1.0895267966669915,23,FALSE
split,"p_smolt_prod[18,2]",p_smolt_prod,NA,1.0824761756492245,29,FALSE
split,"p_smolt_prod[1,3]",p_smolt_prod,NA,1,1,TRUE
split,"p_smolt_prod[2,3]",p_smolt_prod,NA,1,1,TRUE
split,"p_smolt_prod[3,3]",p_smolt_prod,NA,1,1,TRUE
split,"p_smolt_prod[4,3]",p_smolt_prod,NA,1,1,TRUE
split,"p_smolt_prod[5,3]",p_smolt_prod,NA,1,1,TRUE
split,"p_smolt_prod[6,3]",p_smolt_prod,NA,1,1,TRUE
split,"p_smolt_prod[7,3]",p_smolt_prod,NA,1,1,TRUE
split,"p_smolt_prod[8,3]",p_smolt_prod,NA,1,1,TRUE
split,"p_smolt_prod[9,3]",p_smolt_prod,NA,1,1,TRUE
split,"p_smolt_prod[10,3]",p_smolt_prod,NA,1,1,TRUE
split,"p_smolt_prod[11,3]",p_smolt_prod,NA,1,1,TRUE
split,"p_smolt_prod[12,3]",p_smolt_prod,NA,1,1,TRUE
split,"p_smolt_prod[13,3]",p_smolt_prod,NA,1,1,TRUE
split,"p_smolt_prod[14,3]",p_smolt_prod,NA,1.0270052150296354,140,FALSE
split,"p_smolt_prod[15,3]",p_smolt_prod,NA,1.0028922644723883,750,FALSE
split,"p_smolt_prod[16,3]",p_smolt_prod,NA,1.0596710567033716,31,FALSE
split,"p_smolt_prod[17,3]",p_smolt_prod,NA,1,1,TRUE
split,"p_smolt_prod[18,3]",p_smolt_prod,NA,1,1,TRUE
split,"p_smolt_prod[1,4]",p_smolt_prod,NA,1.4386932854969627,8,FALSE
split,"p_smolt_prod[2,4]",p_smolt_prod,NA,1.0412840331282283,45,FALSE
split,"p_smolt_prod[3,4]",p_smolt_prod,NA,1.0993038178406844,20,FALSE
split,"p_smolt_prod[4,4]",p_smolt_prod,NA,1.0965421991159106,23,FALSE
split,"p_smolt_prod[5,4]",p_smolt_prod,NA,1.116293854919843,21,FALSE
split,"p_smolt_prod[6,4]",p_smolt_prod,NA,2.4564029425960405,3,FALSE
split,"p_smolt_prod[7,4]",p_smolt_prod,NA,1.02324135835949,71,FALSE
split,"p_smolt_prod[8,4]",p_smolt_prod,NA,1.003646667930364,9500,FALSE
split,"p_smolt_prod[9,4]",p_smolt_prod,NA,1.0717721912596356,32,FALSE
split,"p_smolt_prod[10,4]",p_smolt_prod,NA,2.1147823848961878,4,FALSE
split,"p_smolt_prod[11,4]",p_smolt_prod,NA,1.0152090343767597,110,FALSE
split,"p_smolt_prod[12,4]",p_smolt_prod,NA,1.1527285978890383,15,FALSE
split,"p_smolt_prod[13,4]",p_smolt_prod,NA,1.09341070465696,21,FALSE
split,"p_smolt_prod[14,4]",p_smolt_prod,NA,1.0208200885366976,350,FALSE
split,"p_smolt_prod[15,4]",p_smolt_prod,NA,1.0046477807515124,430,FALSE
split,"p_smolt_prod[16,4]",p_smolt_prod,NA,1.075703240949894,29,FALSE
split,"p_smolt_prod[17,4]",p_smolt_prod,NA,1.0822680127022126,26,FALSE
split,"p_smolt_prod[18,4]",p_smolt_prod,NA,1.1500623540442836,19,FALSE
split,p_travel_B,p_travel_B,NA,1,1,TRUE
split,p_travel_Mo,p_travel_Mo,NA,1,1,TRUE
split,sigma_theta_B,sigma_theta_B,NA,1.0014303029638196,9500,FALSE
split,sigma_theta_K,sigma_theta_K,NA,1.0175550249316703,92,FALSE
split,sigma_theta_Ma,sigma_theta_Ma,NA,1.0013558115472991,3200,FALSE
split,sigma_theta_Mo,sigma_theta_Mo,NA,1.0436302145855716,42,FALSE
split,sigma_theta_U,sigma_theta_U,NA,1.0017033196502287,1900,FALSE
split,theta_B[1],theta_B,2002,1.001396395463331,3000,FALSE
split,theta_B[2],theta_B,2003,1.138730180033807,20,FALSE
split,theta_B[3],theta_B,2004,1.2253712057371222,11,FALSE
split,theta_B[4],theta_B,2005,1.1280232011321976,18,FALSE
split,theta_B[5],theta_B,2006,1.4039242891970247,7,FALSE
split,theta_B[6],theta_B,2007,2.912538570603836,3,FALSE
split,theta_B[7],theta_B,2008,1.0591840078314785,35,FALSE
split,theta_B[8],theta_B,2009,1.015463705993575,970,FALSE
split,theta_B[9],theta_B,2010,1.073119425069569,27,FALSE
split,theta_B[11],theta_B,2012,1.107292474998024,20,FALSE
split,theta_B[13],theta_B,2014,1.2653370512931998,10,FALSE
split,theta_B[14],theta_B,2015,1.0887854052298032,38,FALSE
split,theta_B[15],theta_B,2016,1.0009098132407641,9500,FALSE
split,theta_B[16],theta_B,2017,1.0803559394926945,24,FALSE
split,theta_B[17],theta_B,2018,1.1502114032480397,15,FALSE
split,theta_B[18],theta_B,2019,1.1841410432797883,16,FALSE
split,theta_B_cond[1],theta_B_cond,2002,1.001396395463331,3000,FALSE
split,theta_B_cond[2],theta_B_cond,2003,1.1387301800338008,20,FALSE
split,theta_B_cond[3],theta_B_cond,2004,1.2253712057371247,11,FALSE
split,theta_B_cond[4],theta_B_cond,2005,1.1280232011322096,18,FALSE
split,theta_B_cond[5],theta_B_cond,2006,1.4039242891970345,7,FALSE
split,theta_B_cond[6],theta_B_cond,2007,2.9125385706038354,3,FALSE
split,theta_B_cond[7],theta_B_cond,2008,1.0591840078314796,35,FALSE
split,theta_B_cond[8],theta_B_cond,2009,1.0154637059935674,970,FALSE
split,theta_B_cond[9],theta_B_cond,2010,1.0731194250695708,27,FALSE
split,theta_B_cond[11],theta_B_cond,2012,1.1072924749980255,20,FALSE
split,theta_B_cond[13],theta_B_cond,2014,1.265337051293203,10,FALSE
split,theta_B_cond[14],theta_B_cond,2015,1.0887854052297912,38,FALSE
split,theta_B_cond[15],theta_B_cond,2016,1.0009098132407641,9500,FALSE
split,theta_B_cond[16],theta_B_cond,2017,1.0803559394926954,24,FALSE
split,theta_B_cond[17],theta_B_cond,2018,1.1502114032480402,15,FALSE
split,theta_B_cond[18],theta_B_cond,2019,1.184141043279798,16,FALSE
split,theta_K[1],theta_K,NA,1.0253915125772919,66,FALSE
split,theta_K[2],theta_K,NA,1.0009825650159636,9500,FALSE
split,theta_K[3],theta_K,NA,1.0009063699378862,9500,FALSE
split,theta_K[4],theta_K,NA,1.0009209815053002,9500,FALSE
split,theta_K[5],theta_K,NA,1.0058283140482704,310,FALSE
split,theta_K[6],theta_K,NA,1.0015226042527425,2400,FALSE
split,theta_K[7],theta_K,NA,1.0008939155055647,9500,FALSE
split,theta_K[8],theta_K,NA,1.0009162742140865,9500,FALSE
split,theta_K[9],theta_K,NA,1.0012862728683207,3800,FALSE
split,theta_K[10],theta_K,NA,1.0398024270596418,46,FALSE
split,theta_K[11],theta_K,NA,1.0009424799144717,9500,FALSE
split,theta_K[12],theta_K,NA,1.0057180275716724,310,FALSE
split,theta_K[13],theta_K,NA,1.0018976916174624,1500,FALSE
split,theta_K[14],theta_K,NA,1.0027921531343735,790,FALSE
split,theta_K[15],theta_K,NA,1.002819664930836,780,FALSE
split,theta_K[16],theta_K,NA,1.001594849682341,2100,FALSE
split,theta_K[17],theta_K,NA,1.0118447179191419,140,FALSE
split,theta_K[18],theta_K,NA,1.0010027121200933,9500,FALSE
split,theta_Ma[14],theta_Ma,NA,1.0171247317661285,140,FALSE
split,theta_Ma[15],theta_Ma,NA,1.0028768916846373,760,FALSE
split,theta_Ma[16],theta_Ma,NA,1.0026107484403508,880,FALSE
split,theta_Mo[1],theta_Mo,2002,1.0048929169757275,990,FALSE
split,theta_Mo[2],theta_Mo,2003,1.1438142428420994,19,FALSE
split,theta_Mo[3],theta_Mo,2004,1.2272217339740998,11,FALSE
split,theta_Mo[4],theta_Mo,2005,1.129258092906031,18,FALSE
split,theta_Mo[5],theta_Mo,2006,1.4014103460413796,7,FALSE
split,theta_Mo[6],theta_Mo,2007,2.914199033999111,3,FALSE
split,theta_Mo[7],theta_Mo,2008,1.0583032871068048,36,FALSE
split,theta_Mo[8],theta_Mo,2009,1.0141304279968573,1200,FALSE
split,theta_Mo[9],theta_Mo,2010,1.0747880458600547,26,FALSE
split,theta_Mo[10],theta_Mo,2011,3.2746506014562287,3,FALSE
split,theta_Mo[11],theta_Mo,2012,1.1052490296789952,21,FALSE
split,theta_Mo[13],theta_Mo,2014,1.2709060899433402,10,FALSE
split,theta_Mo[15],theta_Mo,2016,1.0009840967934385,9500,FALSE
split,theta_Mo[16],theta_Mo,2017,1.08095038984393,24,FALSE
split,theta_Mo[17],theta_Mo,2018,1.1388677498826418,16,FALSE
split,theta_Mo[18],theta_Mo,2019,1.1857683930171974,16,FALSE
split,theta_Mo_cond[1],theta_Mo_cond,2002,1.004892916975727,990,FALSE
split,theta_Mo_cond[2],theta_Mo_cond,2003,1.1438142428420812,19,FALSE
split,theta_Mo_cond[3],theta_Mo_cond,2004,1.2272217339740858,11,FALSE
split,theta_Mo_cond[4],theta_Mo_cond,2005,1.1292580929060434,18,FALSE
split,theta_Mo_cond[5],theta_Mo_cond,2006,1.4014103460413778,7,FALSE
split,theta_Mo_cond[6],theta_Mo_cond,2007,2.914199033999111,3,FALSE
split,theta_Mo_cond[7],theta_Mo_cond,2008,1.0583032871068172,36,FALSE
split,theta_Mo_cond[8],theta_Mo_cond,2009,1.0141304279968353,1200,FALSE
split,theta_Mo_cond[9],theta_Mo_cond,2010,1.0747880458600503,26,FALSE
split,theta_Mo_cond[10],theta_Mo_cond,2011,3.274650601456223,3,FALSE
split,theta_Mo_cond[11],theta_Mo_cond,2012,1.1052490296790194,21,FALSE
split,theta_Mo_cond[13],theta_Mo_cond,2014,1.2709060899433477,10,FALSE
split,theta_Mo_cond[15],theta_Mo_cond,2016,1.0009840967934385,9500,FALSE
split,theta_Mo_cond[16],theta_Mo_cond,2017,1.08095038984393,24,FALSE
split,theta_Mo_cond[17],theta_Mo_cond,2018,1.1388677498826483,16,FALSE
split,theta_Mo_cond[18],theta_Mo_cond,2019,1.1857683930172094,16,FALSE
split,theta_U[3],theta_U,NA,1.0008957640045222,9500,FALSE
split,theta_U[4],theta_U,NA,1.0016891033085744,1900,FALSE
split,theta_U[6],theta_U,NA,1.0011639978498736,5500,FALSE
split,theta_U[7],theta_U,NA,1.0015213335560056,2400,FALSE
split,theta_U[8],theta_U,NA,1.001029538377733,9500,FALSE
split,theta_U[9],theta_U,NA,1.002084040430477,1300,FALSE
split,theta_U[11],theta_U,NA,1.0014282939991936,2800,FALSE
split,theta_U[12],theta_U,NA,1.021335191490384,82,FALSE
split,theta_U[13],theta_U,NA,1.0013093442293743,3600,FALSE
split,theta_U[14],theta_U,NA,1.0009275743055137,9500,FALSE
split,theta_U[17],theta_U,NA,1.0054029954496289,330,FALSE
split,theta_U[18],theta_U,NA,1.0020114686716022,1300,FALSE
