fish_index,fish_id,quantity,mean,sd,rhat,rhat_upper_95,ess,mcse,mcse_over_sd,chain_1_mean,chain_2_mean,chain_3_mean,chain_mean_range,constant
1,61690,Moses,0,0,NA,NA,NA,0,0,0,0,0,0,TRUE
1,61690,Butters,0.269509803921569,0.44372691241706,1.00005194391168,1.00047276749164,9643.9979215521,0.00452305271589751,0.010193325194678,0.265294117647059,0.265882352941176,0.277352941176471,0.0120588235294117,FALSE
1,61690,Neither,0.730490196078431,0.44372691241706,1.00005194391168,1.00047276749164,9643.9979215521,0.00452305271589751,0.010193325194678,0.734705882352941,0.734117647058824,0.722647058823529,0.0120588235294118,FALSE
2,61691,Moses,0,0,NA,NA,NA,0,0,0,0,0,0,TRUE
2,61691,Butters,0.915294117647059,0.278457173819319,0.999884112812478,0.999910113115184,10391.4231271915,0.00273286691046075,0.00981431676899091,0.916176470588235,0.914117647058823,0.915588235294118,0.00205882352941178,FALSE
2,61691,Neither,0.0847058823529412,0.278457173819319,0.999884112812478,0.999910113115184,10391.4231271915,0.00273286691046075,0.00981431676899091,0.0838235294117647,0.0858823529411765,0.0844117647058824,0.00205882352941177,FALSE
3,61692,Moses,0.508725490196078,0.499948367897176,1.00004048724739,1.00054430745531,10202.3563580199,0.00495859163183418,0.00991820745948311,0.500294117647059,0.517058823529412,0.508823529411765,0.016764705882353,FALSE
3,61692,Butters,0,0,NA,NA,NA,0,0,0,0,0,0,TRUE
3,61692,Neither,0.491274509803922,0.499948367897176,1.00004048724739,1.00054430745531,10202.3563580199,0.00495859163183418,0.00991820745948311,0.499705882352941,0.482941176470588,0.491176470588235,0.0167647058823529,FALSE
4,61693,Moses,0.504411764705882,0.500005046605401,1.00048107967121,1.00216606544047,9448.0423488335,0.00514426206134577,0.0102884202794968,0.487352941176471,0.508823529411765,0.517058823529412,0.0297058823529412,FALSE
4,61693,Butters,0,0,NA,NA,NA,0,0,0,0,0,0,TRUE
4,61693,Neither,0.495588235294118,0.500005046605401,1.00048107967121,1.00216606544047,9448.0423488335,0.00514426206134577,0.0102884202794968,0.512647058823529,0.491176470588235,0.482941176470588,0.0297058823529412,FALSE
5,61834,Moses,0,0,NA,NA,NA,0,0,0,0,0,0,TRUE
5,61834,Butters,0.833921568627451,0.372169269840696,1.0003952271612,1.0012024783248,10200.0000000002,0.00368483349298265,0.00990096117973393,0.836764705882353,0.84,0.825,0.015,FALSE
5,61834,Neither,0.166078431372549,0.372169269840696,1.0003952271612,1.0012024783248,10200.0000000002,0.00368483349298265,0.00990096117973393,0.163235294117647,0.16,0.175,0.015,FALSE
6,61835,Moses,0,0,NA,NA,NA,0,0,0,0,0,0,TRUE
6,61835,Butters,0,0,NA,NA,NA,0,0,0,0,0,0,TRUE
6,61835,Neither,1,0,NA,NA,NA,0,0,1,1,1,0,TRUE
7,61836,Moses,0.516176470588235,0.499762752062562,1.00086666718047,1.00357913564316,9210.77639734428,0.00520598920120799,0.0104169211885489,0.494117647058824,0.530882352941176,0.523529411764706,0.0367647058823529,FALSE
7,61836,Butters,0,0,NA,NA,NA,0,0,0,0,0,0,TRUE
7,61836,Neither,0.483823529411765,0.499762752062562,1.00086666718047,1.00357913564316,9210.77639734428,0.00520598920120799,0.0104169211885489,0.505882352941176,0.46911764705882403,0.476470588235294,0.0367647058823529,FALSE
8,61837,Moses,0,0,NA,NA,NA,0,0,0,0,0,0,TRUE
8,61837,Butters,1,0,NA,NA,NA,0,0,1,1,1,0,TRUE
8,61837,Neither,0,0,NA,NA,NA,0,0,0,0,0,0,TRUE
9,61838,Moses,0,0,NA,NA,NA,0,0,0,0,0,0,TRUE
9,61838,Butters,0.913529411764706,0.281071469235783,1.00035935064213,1.00079000127164,9674.78921114563,0.00286106879081654,0.0101791505149762,0.916470588235294,0.915588235294118,0.908529411764706,0.00794117647058823,FALSE
9,61838,Neither,0.0864705882352941,0.281071469235783,1.00035935064213,1.00079000127164,9674.78921114563,0.00286106879081654,0.0101791505149762,0.0835294117647059,0.0844117647058824,0.0914705882352941,0.00794117647058824,FALSE
10,61839,Moses,0.524607843137255,0.499418568827933,0.999992113190116,1.00036526295657,9421.28936752791,0.00514616839427164,0.0103043192934315,0.517352941176471,0.531764705882353,0.524705882352941,0.0144117647058823,FALSE
10,61839,Butters,0,0,NA,NA,NA,0,0,0,0,0,0,TRUE
10,61839,Neither,0.475392156862745,0.499418568827933,0.999992113190116,1.00036526295657,9421.28936752791,0.00514616839427164,0.0103043192934315,0.482647058823529,0.468235294117647,0.475294117647059,0.0144117647058823,FALSE
11,61840,Moses,0.483823529411765,0.499762752062562,1.00012099135613,1.00084027579868,9491.11884997229,0.00513791956953994,0.0102807172970281,0.481764705882353,0.494705882352941,0.475,0.0197058823529412,FALSE
11,61840,Butters,0.0134313725490196,0.115118504258126,1.00968039201862,1.01118221654595,9010.92286536674,0.00121756426742413,0.0105766164637965,0.0132352941176471,0.0102941176470588,0.0167647058823529,0.00647058823529412,FALSE
11,61840,Neither,0.502745098039216,0.50001697561681,0.999979908847124,1.00032116711638,9261.64300362967,0.0052032474428793,0.0104061415844146,0.505,0.495,0.508235294117647,0.013235294117647,FALSE
12,61841,Moses,0,0,NA,NA,NA,0,0,0,0,0,0,TRUE
12,61841,Butters,1,0,NA,NA,NA,0,0,1,1,1,0,TRUE
12,61841,Neither,0,0,NA,NA,NA,0,0,0,0,0,0,TRUE
13,61842,Moses,0.511862745098039,0.499883760176227,0.999986057505929,1.00034362583102,9866.54404103859,0.00503870644994316,0.0100797562380639,0.517058823529412,0.503823529411765,0.514705882352941,0.0132352941176471,FALSE
13,61842,Butters,0,0,NA,NA,NA,0,0,0,0,0,0,TRUE
13,61842,Neither,0.488137254901961,0.499883760176227,0.999986057505929,1.00034362583102,9866.54404103859,0.00503870644994316,0.0100797562380639,0.482941176470588,0.496176470588235,0.485294117647059,0.013235294117647,FALSE
14,61843,Moses,0,0,NA,NA,NA,0,0,0,0,0,0,TRUE
14,61843,Butters,0,0,NA,NA,NA,0,0,0,0,0,0,TRUE
14,61843,Neither,1,0,NA,NA,NA,0,0,1,1,1,0,TRUE
15,61844,Moses,0.512254901960784,0.499874299059054,0.999855778449056,0.999863431914663,9491.49894558653,0.00514232990333228,0.0102872460396784,0.512352941176471,0.513235294117647,0.511176470588235,0.00205882352941167,FALSE
15,61844,Butters,0,0,NA,NA,NA,0,0,0,0,0,0,TRUE
15,61844,Neither,0.487745098039216,0.499874299059054,0.999855778449056,0.999863431914663,9491.49894558653,0.00514232990333228,0.0102872460396784,0.487647058823529,0.486764705882353,0.488823529411765,0.00205882352941178,FALSE
16,61845,Moses,0,0,NA,NA,NA,0,0,0,0,0,0,TRUE
16,61845,Butters,0.915098039215686,0.278749413645104,1.00054571877491,1.00112662157116,9938.16681718424,0.00280006062443984,0.0100450816660902,0.914705882352941,0.910294117647059,0.920294117647059,0.01,FALSE
16,61845,Neither,0.0849019607843137,0.278749413645104,1.00054571877491,1.00112662157116,9938.16681718424,0.00280006062443984,0.0100450816660902,0.0852941176470588,0.0897058823529412,0.0797058823529412,0.01,FALSE
17,61846,Moses,0,0,NA,NA,NA,0,0,0,0,0,0,TRUE
17,61846,Butters,1,0,NA,NA,NA,0,0,1,1,1,0,TRUE
17,61846,Neither,0,0,NA,NA,NA,0,0,0,0,0,0,TRUE
18,61847,Moses,0,0,NA,NA,NA,0,0,0,0,0,0,TRUE
18,61847,Butters,1,0,NA,NA,NA,0,0,1,1,1,0,TRUE
18,61847,Neither,0,0,NA,NA,NA,0,0,0,0,0,0,TRUE
19,61848,Moses,0.514803921568627,0.499805296715902,0.99999909045457,1.00039151863396,9186.93028416816,0.00521914831480654,0.010442362954335,0.506470588235294,0.520588235294118,0.517352941176471,0.0141176470588236,FALSE
19,61848,Butters,0,0,NA,NA,NA,0,0,0,0,0,0,TRUE
19,61848,Neither,0.485196078431373,0.499805296715902,0.99999909045457,1.00039151863396,9186.93028416816,0.00521914831480654,0.010442362954335,0.493529411764706,0.479411764705882,0.482647058823529,0.0141176470588235,FALSE
20,61849,Moses,0,0,NA,NA,NA,0,0,0,0,0,0,TRUE
20,61849,Butters,1,0,NA,NA,NA,0,0,1,1,1,0,TRUE
20,61849,Neither,0,0,NA,NA,NA,0,0,0,0,0,0,TRUE
21,61850,Moses,0.523137254901961,0.499488865895878,1.00019656473542,1.00111742928251,9397.74047550165,0.0051582064814842,0.0103269698959806,0.511764705882353,0.534411764705882,0.523235294117647,0.0226470588235295,FALSE
21,61850,Butters,0,0,NA,NA,NA,0,0,0,0,0,0,TRUE
21,61850,Neither,0.476862745098039,0.499488865895878,1.00019656473542,1.00111742928251,9397.74047550165,0.0051582064814842,0.0103269698959806,0.488235294117647,0.465588235294118,0.476764705882353,0.0226470588235294,FALSE
22,61851,Moses,1,0,NA,NA,NA,0,0,1,1,1,0,TRUE
22,61851,Butters,0,0,NA,NA,NA,0,0,0,0,0,0,TRUE
22,61851,Neither,0,0,NA,NA,NA,0,0,0,0,0,0,TRUE
23,61852,Moses,0,0,NA,NA,NA,0,0,0,0,0,0,TRUE
23,61852,Butters,0,0,NA,NA,NA,0,0,0,0,0,0,TRUE
23,61852,Neither,1,0,NA,NA,NA,0,0,1,1,1,0,TRUE
24,61853,Moses,0,0,NA,NA,NA,0,0,0,0,0,0,TRUE
24,61853,Butters,0,0,NA,NA,NA,0,0,0,0,0,0,TRUE
24,61853,Neither,1,0,NA,NA,NA,0,0,1,1,1,0,TRUE
25,61854,Moses,0,0,NA,NA,NA,0,0,0,0,0,0,TRUE
25,61854,Butters,0.912450980392157,0.282651766887559,1.00061127110217,1.00126589670013,10663.6324606576,0.00274565798421197,0.00971392471536968,0.910588235294118,0.908235294117647,0.918529411764706,0.0102941176470589,FALSE
25,61854,Neither,0.0875490196078431,0.282651766887559,1.00061127110217,1.00126589670013,10663.6324606576,0.00274565798421197,0.00971392471536968,0.0894117647058824,0.0917647058823529,0.0814705882352941,0.0102941176470588,FALSE
26,61855,Moses,0.512450980392157,0.49986945305164,1.00022397631156,1.00121969600089,9690.38125901043,0.00508135223053936,0.0101653585741604,0.500294117647059,0.513235294117647,0.523823529411765,0.0235294117647059,FALSE
26,61855,Butters,0,0,NA,NA,NA,0,0,0,0,0,0,TRUE
26,61855,Neither,0.487549019607843,0.49986945305164,1.00022397631156,1.00121969600089,9690.38125901043,0.00508135223053936,0.0101653585741604,0.499705882352941,0.486764705882353,0.476176470588235,0.0235294117647059,FALSE
27,61856,Moses,0.510098039215686,0.49992252581075,0.999891330035823,0.999994523554441,9759.20775648807,0.00506395927720734,0.0101294881021712,0.511176470588235,0.505882352941176,0.513235294117647,0.00735294117647056,FALSE
27,61856,Butters,0,0,NA,NA,NA,0,0,0,0,0,0,TRUE
27,61856,Neither,0.489901960784314,0.49992252581075,0.999891330035823,0.999994523554441,9759.20775648807,0.00506395927720734,0.0101294881021712,0.488823529411765,0.494117647058824,0.486764705882353,0.00735294117647062,FALSE
28,61857,Moses,0,0,NA,NA,NA,0,0,0,0,0,0,TRUE
28,61857,Butters,1,0,NA,NA,NA,0,0,1,1,1,0,TRUE
28,61857,Neither,0,0,NA,NA,NA,0,0,0,0,0,0,TRUE
29,61858,Moses,0.481960784313725,0.499698976382892,0.999968652149479,1.000279305528,9373.41272377512,0.00516177484258929,0.0103297686938508,0.474411764705882,0.485,0.486470588235294,0.0120588235294117,FALSE
29,61858,Butters,0.0136274509803922,0.115944217222662,1.00691647957009,1.00798915009183,9709.43693400077,0.00117390179891697,0.0101247119264481,0.0114705882352941,0.0126470588235294,0.0167647058823529,0.00529411764705882,FALSE
29,61858,Neither,0.504411764705882,0.500005046605401,1.00006225609961,1.00062464586335,9544.68230840903,0.00511814679159079,0.0102361902671554,0.514117647058824,0.502352941176471,0.496764705882353,0.0173529411764706,FALSE
30,61859,Moses,0.483627450980392,0.499756366205249,0.999859941803737,0.99987877397192,9832.32720871753,0.0050452853316748,0.0100954898683626,0.482058823529412,0.483529411764706,0.485294117647059,0.00323529411764706,FALSE
30,61859,Butters,0.0115686274509804,0.10693883989489,1.00208781580927,1.0023670730058,8712.10412474306,0.00115180918330416,0.0107707282446328,0.0102941176470588,0.0129411764705882,0.0114705882352941,0.00264705882352941,FALSE
30,61859,Neither,0.504803921568627,0.500001432279852,0.999869155957597,0.999912778419727,9739.08402223036,0.00507187455601327,0.0101437200547348,0.507647058823529,0.503529411764706,0.503235294117647,0.00441176470588234,FALSE
31,61860,Moses,0.476372549019608,0.49946591578491,1.00000873208881,1.0004265464108,9838.10285866869,0.00505248794942592,0.0101157812570372,0.467647058823529,0.481764705882353,0.479705882352941,0.0141176470588235,FALSE
31,61860,Butters,0.0145098039215686,0.119585415240938,1.00170538813859,1.00199391695177,9496.92853825588,0.00123020228238348,0.0102872267483864,0.0132352941176471,0.0161764705882353,0.0141176470588235,0.00294117647058824,FALSE
31,61860,Neither,0.509117647058824,0.499941369130666,1.00006443545548,1.00063254881007,9361.08544102717,0.00522028755418733,0.0104417995319426,0.519117647058824,0.502058823529412,0.506176470588235,0.0170588235294118,FALSE
32,61861,Moses,0,0,NA,NA,NA,0,0,0,0,0,0,TRUE
32,61861,Butters,0.829607843137255,0.375995385336506,0.999905141445755,0.999984485919904,10313.07805066,0.00370405006765203,0.00985131789406671,0.830588235294118,0.831470588235294,0.826764705882353,0.00470588235294112,FALSE
32,61861,Neither,0.170392156862745,0.375995385336506,0.999905141445755,0.999984485919904,10313.07805066,0.00370405006765203,0.00985131789406671,0.169411764705882,0.168529411764706,0.173235294117647,0.0047058823529412,FALSE
33,61870,Moses,0,0,NA,NA,NA,0,0,0,0,0,0,TRUE
33,61870,Butters,0.830686274509804,0.375047167812226,1.00018789468208,1.00069568095554,9758.39234882362,0.00380025959456051,0.0101327510796273,0.837941176470588,0.826470588235294,0.827647058823529,0.0114705882352941,FALSE
33,61870,Neither,0.169313725490196,0.375047167812226,1.00018789468208,1.00069568095554,9758.39234882362,0.00380025959456051,0.0101327510796273,0.162058823529412,0.173529411764706,0.172352941176471,0.0114705882352941,FALSE
34,61898,Moses,0,0,NA,NA,NA,0,0,0,0,0,0,TRUE
34,61898,Butters,1,0,NA,NA,NA,0,0,1,1,1,0,TRUE
34,61898,Neither,0,0,NA,NA,NA,0,0,0,0,0,0,TRUE
35,61899,Moses,0.513921568627451,0.499830654453266,0.999886735604883,0.999977555024542,9321.89627160747,0.00517845695495624,0.0103604228928709,0.512647058823529,0.517941176470588,0.511176470588235,0.00676470588235289,FALSE
35,61899,Butters,0,0,NA,NA,NA,0,0,0,0,0,0,TRUE
35,61899,Neither,0.486078431372549,0.499830654453266,0.999886735604883,0.999977555024542,9321.89627160747,0.00517845695495624,0.0103604228928709,0.487352941176471,0.482058823529412,0.488823529411765,0.00676470588235295,FALSE
36,61900,Moses,0.510490196078431,0.499914449884787,0.999952293127852,1.00021925952998,9533.43715153391,0.00512692464245816,0.0102556040211275,0.505,0.517058823529412,0.509411764705882,0.0120588235294118,FALSE
36,61900,Butters,0,0,NA,NA,NA,0,0,0,0,0,0,TRUE
36,61900,Neither,0.489509803921569,0.499914449884787,0.999952293127852,1.00021925952998,9533.43715153391,0.00512692464245816,0.0102556040211275,0.495,0.482941176470588,0.490588235294118,0.0120588235294117,FALSE
37,61901,Moses,0.506078431372549,0.49998756110176,1.00012473262664,1.00085473388308,9661.57894708041,0.00509130932790923,0.0101828719832352,0.515294117647059,0.507647058823529,0.495294117647059,0.02,FALSE
37,61901,Butters,0,0,NA,NA,NA,0,0,0,0,0,0,TRUE
37,61901,Neither,0.493921568627451,0.49998756110176,1.00012473262664,1.00085473388308,9661.57894708039,0.00509130932790923,0.0101828719832352,0.484705882352941,0.492352941176471,0.504705882352941,0.0200000000000001,FALSE
38,61902,Moses,0.50656862745098,0.499981360762568,1.00021001812995,1.00116873088401,9443.74588059587,0.00514524372615928,0.0102908710802974,0.493529411764706,0.515588235294118,0.510588235294118,0.0220588235294118,FALSE
38,61902,Butters,0,0,NA,NA,NA,0,0,0,0,0,0,TRUE
38,61902,Neither,0.49343137254902,0.499981360762568,1.00021001812995,1.00116873088401,9443.74588059587,0.00514524372615928,0.0102908710802974,0.506470588235294,0.484411764705882,0.489411764705882,0.0220588235294117,FALSE
39,61903,Moses,0,0,NA,NA,NA,0,0,0,0,0,0,TRUE
39,61903,Butters,0,0,NA,NA,NA,0,0,0,0,0,0,TRUE
39,61903,Neither,1,0,NA,NA,NA,0,0,1,1,1,0,TRUE
40,61904,Moses,1,0,NA,NA,NA,0,0,1,1,1,0,TRUE
40,61904,Butters,0,0,NA,NA,NA,0,0,0,0,0,0,TRUE
40,61904,Neither,0,0,NA,NA,NA,0,0,0,0,0,0,TRUE
41,61905,Moses,0.516372549019608,0.499756366205249,1.00016298542503,1.00099478134925,9988.7586545448,0.0050015783291524,0.0100080332485415,0.504411764705882,0.525294117647059,0.519411764705882,0.0208823529411765,FALSE
41,61905,Butters,0,0,NA,NA,NA,0,0,0,0,0,0,TRUE
41,61905,Neither,0.483627450980392,0.499756366205249,1.00016298542503,1.00099478134925,9988.7586545448,0.0050015783291524,0.0100080332485415,0.495588235294118,0.474705882352941,0.480588235294118,0.0208823529411765,FALSE
42,61906,Moses,0,0,NA,NA,NA,0,0,0,0,0,0,TRUE
42,61906,Butters,0,0,NA,NA,NA,0,0,0,0,0,0,TRUE
42,61906,Neither,1,0,NA,NA,NA,0,0,1,1,1,0,TRUE
43,61907,Moses,0.509019607843137,0.49994314767265,0.99996773897769,1.00027622842612,9965.68039116977,0.00504113630813371,0.0100834191479598,0.506470588235294,0.516470588235294,0.504117647058824,0.0123529411764706,FALSE
43,61907,Butters,0,0,NA,NA,NA,0,0,0,0,0,0,TRUE
43,61907,Neither,0.490980392156863,0.49994314767265,0.99996773897769,1.00027622842612,9965.68039116977,0.00504113630813371,0.0100834191479598,0.493529411764706,0.483529411764706,0.495882352941176,0.0123529411764706,FALSE
44,61908,Moses,0,0,NA,NA,NA,0,0,0,0,0,0,TRUE
44,61908,Butters,1,0,NA,NA,NA,0,0,1,1,1,0,TRUE
44,61908,Neither,0,0,NA,NA,NA,0,0,0,0,0,0,TRUE
45,61909,Moses,0,0,NA,NA,NA,0,0,0,0,0,0,TRUE
45,61909,Butters,0,0,NA,NA,NA,0,0,0,0,0,0,TRUE
45,61909,Neither,1,0,NA,NA,NA,0,0,1,1,1,0,TRUE
